file_name,label
A_ASH_001.wav,2
A_ASH_002.wav,2
A_ASH_003.wav,2
A_ASH_004.wav,2
A_ASH_005.wav,2
A_ASH_006.wav,2
A_ASH_007.wav,2
A_ASH_008.wav,2
A_ASH_009.wav,2
A_ASH_010.wav,2
A_ASH_011.wav,2
A_ASH_012.wav,2
A_ASH_013.wav,2
A_ASH_014.wav,2
A_ASH_015.wav,2
A_ASH_016.wav,2
A_ASH_017.wav,2
A_ASH_018.wav,2
A_ASH_019.wav,2
A_ASH_020.wav,2
A_ASH_021.wav,2
A_ASH_022.wav,2
A_ASH_023.wav,2
A_ASH_024.wav,2
A_ASH_025.wav,2
A_ASH_026.wav,2
A_ASH_027.wav,2
A_ASH_028.wav,2
A_ASH_029.wav,2
A_ASH_030.wav,2
A_CHY_001.wav,2
A_CHY_002.wav,2
A_CHY_003.wav,2
A_CHY_004.wav,2
A_CHY_005.wav,2
A_CHY_006.wav,2
A_CHY_007.wav,2
A_CHY_008.wav,2
A_CHY_009.wav,2
A_CHY_010.wav,2
A_CHY_011.wav,2
A_CHY_012.wav,2
A_CHY_013.wav,2
A_CHY_014.wav,2
A_CHY_015.wav,2
A_CHY_016.wav,2
A_CHY_017.wav,2
A_CHY_018.wav,2
A_CHY_019.wav,2
A_CHY_020.wav,2
A_CHY_021.wav,2
A_CHY_022.wav,2
A_CHY_023.wav,2
A_CHY_024.wav,2
A_CHY_025.wav,2
A_CHY_026.wav,2
A_CHY_027.wav,2
A_CHY_028.wav,2
A_CHY_029.wav,2
A_CHY_030.wav,2
A_CST_001.wav,2
A_CST_002.wav,2
A_CST_003.wav,2
A_CST_004.wav,2
A_CST_005.wav,2
A_CST_006.wav,2
A_CST_007.wav,2
A_CST_008.wav,2
A_CST_009.wav,2
A_CST_010.wav,2
A_CST_011.wav,2
A_CST_012.wav,2
A_CST_013.wav,2
A_CST_014.wav,2
A_CST_015.wav,2
A_CST_016.wav,2
A_CST_017.wav,2
A_CST_018.wav,2
A_CST_019.wav,2
A_CST_020.wav,2
A_CST_021.wav,2
A_CST_022.wav,2
A_CST_023.wav,2
A_CST_024.wav,2
A_CST_025.wav,2
A_CST_026.wav,2
A_CST_027.wav,2
A_CST_028.wav,2
A_CST_029.wav,2
A_CST_030.wav,2
A_GJY_001.wav,2
A_GJY_002.wav,2
A_GJY_003.wav,2
A_GJY_004.wav,2
A_GJY_005.wav,2
A_GJY_006.wav,2
A_GJY_007.wav,2
A_GJY_008.wav,2
A_GJY_009.wav,2
A_GJY_010.wav,2
A_GJY_011.wav,2
A_GJY_012.wav,2
A_GJY_013.wav,2
A_GJY_014.wav,2
A_GJY_015.wav,2
A_GJY_016.wav,2
A_GJY_017.wav,2
A_GJY_018.wav,2
A_GJY_019.wav,2
A_GJY_020.wav,2
A_GJY_021.wav,2
A_GJY_022.wav,2
A_GJY_023.wav,2
A_GJY_024.wav,2
A_GJY_025.wav,2
A_GJY_026.wav,2
A_GJY_027.wav,2
A_GJY_028.wav,2
A_GJY_029.wav,2
A_GJY_030.wav,2
A_GTE_001.wav,2
A_GTE_002.wav,2
A_GTE_003.wav,2
A_GTE_004.wav,2
A_GTE_005.wav,2
A_GTE_006.wav,2
A_GTE_007.wav,2
A_GTE_008.wav,2
A_GTE_009.wav,2
A_GTE_010.wav,2
A_GTE_011.wav,2
A_GTE_012.wav,2
A_GTE_013.wav,2
A_GTE_014.wav,2
A_GTE_015.wav,2
A_GTE_016.wav,2
A_GTE_017.wav,2
A_GTE_018.wav,2
A_GTE_019.wav,2
A_GTE_020.wav,2
A_GTE_021.wav,2
A_GTE_022.wav,2
A_GTE_023.wav,2
A_GTE_024.wav,2
A_GTE_025.wav,2
A_GTE_026.wav,2
A_GTE_027.wav,2
A_GTE_028.wav,2
A_GTE_029.wav,2
A_GTE_030.wav,2
A_HGW_001.wav,2
A_HGW_002.wav,2
A_HGW_003.wav,2
A_HGW_004.wav,2
A_HGW_005.wav,2
A_HGW_006.wav,2
A_HGW_007.wav,2
A_HGW_008.wav,2
A_HGW_009.wav,2
A_HGW_010.wav,2
A_HGW_011.wav,2
A_HGW_012.wav,2
A_HGW_013.wav,2
A_HGW_014.wav,2
A_HGW_015.wav,2
A_HGW_016.wav,2
A_HGW_017.wav,2
A_HGW_018.wav,2
A_HGW_019.wav,2
A_HGW_020.wav,2
A_HGW_021.wav,2
A_HGW_022.wav,2
A_HGW_023.wav,2
A_HGW_024.wav,2
A_HGW_025.wav,2
A_HGW_026.wav,2
A_HGW_027.wav,2
A_HGW_028.wav,2
A_HGW_029.wav,2
A_HGW_030.wav,2
A_JCH_001.wav,2
A_JCH_002.wav,2
A_JCH_003.wav,2
A_JCH_004.wav,2
A_JCH_005.wav,2
A_JCH_006.wav,2
A_JCH_007.wav,2
A_JCH_008.wav,2
A_JCH_009.wav,2
A_JCH_010.wav,2
A_JCH_011.wav,2
A_JCH_012.wav,2
A_JCH_013.wav,2
A_JCH_014.wav,2
A_JCH_015.wav,2
A_JCH_016.wav,2
A_JCH_017.wav,2
A_JCH_018.wav,2
A_JCH_019.wav,2
A_JCH_020.wav,2
A_JCH_021.wav,2
A_JCH_022.wav,2
A_JCH_023.wav,2
A_JCH_024.wav,2
A_JCH_025.wav,2
A_JCH_026.wav,2
A_JCH_027.wav,2
A_JCH_028.wav,2
A_JCH_029.wav,2
A_JCH_030.wav,2
A_JSH_001.wav,2
A_JSH_002.wav,2
A_JSH_003.wav,2
A_JSH_004.wav,2
A_JSH_005.wav,2
A_JSH_006.wav,2
A_JSH_007.wav,2
A_JSH_008.wav,2
A_JSH_009.wav,2
A_JSH_010.wav,2
A_JSH_011.wav,2
A_JSH_012.wav,2
A_JSH_013.wav,2
A_JSH_014.wav,2
A_JSH_015.wav,2
A_JSH_016.wav,2
A_JSH_017.wav,2
A_JSH_018.wav,2
A_JSH_019.wav,2
A_JSH_020.wav,2
A_JSH_021.wav,2
A_JSH_022.wav,2
A_JSH_023.wav,2
A_JSH_024.wav,2
A_JSH_025.wav,2
A_JSH_026.wav,2
A_JSH_027.wav,2
A_JSH_028.wav,2
A_JSH_029.wav,2
A_JSH_030.wav,2
A_JSY_001.wav,2
A_JSY_002.wav,2
A_JSY_003.wav,2
A_JSY_004.wav,2
A_JSY_005.wav,2
A_JSY_006.wav,2
A_JSY_007.wav,2
A_JSY_008.wav,2
A_JSY_009.wav,2
A_JSY_010.wav,2
A_JSY_011.wav,2
A_JSY_012.wav,2
A_JSY_013.wav,2
A_JSY_014.wav,2
A_JSY_015.wav,2
A_JSY_016.wav,2
A_JSY_017.wav,2
A_JSY_018.wav,2
A_JSY_019.wav,2
A_JSY_020.wav,2
A_JSY_021.wav,2
A_JSY_022.wav,2
A_JSY_023.wav,2
A_JSY_024.wav,2
A_JSY_025.wav,2
A_JSY_026.wav,2
A_JSY_027.wav,2
A_JSY_028.wav,2
A_JSY_029.wav,2
A_JSY_030.wav,2
A_JYC_001.wav,2
A_JYC_002.wav,2
A_JYC_003.wav,2
A_JYC_004.wav,2
A_JYC_005.wav,2
A_JYC_006.wav,2
A_JYC_007.wav,2
A_JYC_008.wav,2
A_JYC_009.wav,2
A_JYC_010.wav,2
A_JYC_011.wav,2
A_JYC_012.wav,2
A_JYC_013.wav,2
A_JYC_014.wav,2
A_JYC_015.wav,2
A_JYC_016.wav,2
A_JYC_017.wav,2
A_JYC_018.wav,2
A_JYC_019.wav,2
A_JYC_020.wav,2
A_JYC_021.wav,2
A_JYC_022.wav,2
A_JYC_023.wav,2
A_JYC_024.wav,2
A_JYC_025.wav,2
A_JYC_026.wav,2
A_JYC_027.wav,2
A_JYC_028.wav,2
A_JYC_029.wav,2
A_JYC_030.wav,2
A_JYW_001.wav,2
A_JYW_002.wav,2
A_JYW_003.wav,2
A_JYW_004.wav,2
A_JYW_005.wav,2
A_JYW_006.wav,2
A_JYW_007.wav,2
A_JYW_008.wav,2
A_JYW_009.wav,2
A_JYW_010.wav,2
A_JYW_011.wav,2
A_JYW_012.wav,2
A_JYW_013.wav,2
A_JYW_014.wav,2
A_JYW_015.wav,2
A_JYW_016.wav,2
A_JYW_017.wav,2
A_JYW_018.wav,2
A_JYW_019.wav,2
A_JYW_020.wav,2
A_JYW_021.wav,2
A_JYW_022.wav,2
A_JYW_023.wav,2
A_JYW_024.wav,2
A_JYW_025.wav,2
A_JYW_026.wav,2
A_JYW_027.wav,2
A_JYW_028.wav,2
A_JYW_029.wav,2
A_JYW_030.wav,2
A_KDD_001.wav,2
A_KDD_002.wav,2
A_KDD_003.wav,2
A_KDD_004.wav,2
A_KDD_005.wav,2
A_KDD_006.wav,2
A_KDD_007.wav,2
A_KDD_008.wav,2
A_KDD_009.wav,2
A_KDD_010.wav,2
A_KDD_011.wav,2
A_KDD_012.wav,2
A_KDD_013.wav,2
A_KDD_014.wav,2
A_KDD_015.wav,2
A_KDD_016.wav,2
A_KDD_017.wav,2
A_KDD_018.wav,2
A_KDD_019.wav,2
A_KDD_020.wav,2
A_KDD_021.wav,2
A_KDD_022.wav,2
A_KDD_023.wav,2
A_KDD_024.wav,2
A_KDD_025.wav,2
A_KDD_026.wav,2
A_KDD_027.wav,2
A_KDD_028.wav,2
A_KDD_029.wav,2
A_KDD_030.wav,2
A_KIH_001.wav,2
A_KIH_002.wav,2
A_KIH_003.wav,2
A_KIH_004.wav,2
A_KIH_005.wav,2
A_KIH_006.wav,2
A_KIH_007.wav,2
A_KIH_008.wav,2
A_KIH_009.wav,2
A_KIH_010.wav,2
A_KIH_011.wav,2
A_KIH_012.wav,2
A_KIH_013.wav,2
A_KIH_014.wav,2
A_KIH_015.wav,2
A_KIH_016.wav,2
A_KIH_017.wav,2
A_KIH_018.wav,2
A_KIH_019.wav,2
A_KIH_020.wav,2
A_KIH_021.wav,2
A_KIH_022.wav,2
A_KIH_023.wav,2
A_KIH_024.wav,2
A_KIH_025.wav,2
A_KIH_026.wav,2
A_KIH_027.wav,2
A_KIH_028.wav,2
A_KIH_029.wav,2
A_KIH_030.wav,2
A_KJE_001.wav,2
A_KJE_002.wav,2
A_KJE_003.wav,2
A_KJE_004.wav,2
A_KJE_005.wav,2
A_KJE_006.wav,2
A_KJE_007.wav,2
A_KJE_008.wav,2
A_KJE_009.wav,2
A_KJE_010.wav,2
A_KJE_011.wav,2
A_KJE_012.wav,2
A_KJE_013.wav,2
A_KJE_014.wav,2
A_KJE_015.wav,2
A_KJE_016.wav,2
A_KJE_017.wav,2
A_KJE_018.wav,2
A_KJE_019.wav,2
A_KJE_020.wav,2
A_KJE_021.wav,2
A_KJE_022.wav,2
A_KJE_023.wav,2
A_KJE_024.wav,2
A_KJE_025.wav,2
A_KJE_026.wav,2
A_KJE_027.wav,2
A_KJE_028.wav,2
A_KJE_029.wav,2
A_KJE_030.wav,2
A_KJS_001.wav,2
A_KJS_002.wav,2
A_KJS_003.wav,2
A_KJS_004.wav,2
A_KJS_005.wav,2
A_KJS_006.wav,2
A_KJS_007.wav,2
A_KJS_008.wav,2
A_KJS_009.wav,2
A_KJS_010.wav,2
A_KJS_011.wav,2
A_KJS_012.wav,2
A_KJS_013.wav,2
A_KJS_014.wav,2
A_KJS_015.wav,2
A_KJS_016.wav,2
A_KJS_017.wav,2
A_KJS_018.wav,2
A_KJS_019.wav,2
A_KJS_020.wav,2
A_KJS_021.wav,2
A_KJS_022.wav,2
A_KJS_023.wav,2
A_KJS_024.wav,2
A_KJS_025.wav,2
A_KJS_026.wav,2
A_KJS_027.wav,2
A_KJS_028.wav,2
A_KJS_029.wav,2
A_KJS_030.wav,2
A_KKI_001.wav,2
A_KKI_002.wav,2
A_KKI_003.wav,2
A_KKI_004.wav,2
A_KKI_005.wav,2
A_KKI_006.wav,2
A_KKI_007.wav,2
A_KKI_008.wav,2
A_KKI_009.wav,2
A_KKI_010.wav,2
A_KKI_011.wav,2
A_KKI_012.wav,2
A_KKI_013.wav,2
A_KKI_014.wav,2
A_KKI_015.wav,2
A_KKI_016.wav,2
A_KKI_017.wav,2
A_KKI_018.wav,2
A_KKI_019.wav,2
A_KKI_020.wav,2
A_KKI_021.wav,2
A_KKI_022.wav,2
A_KKI_023.wav,2
A_KKI_024.wav,2
A_KKI_025.wav,2
A_KKI_026.wav,2
A_KKI_027.wav,2
A_KKI_028.wav,2
A_KKI_029.wav,2
A_KKI_030.wav,2
A_KSH_001.wav,2
A_KSH_002.wav,2
A_KSH_003.wav,2
A_KSH_004.wav,2
A_KSH_005.wav,2
A_KSH_006.wav,2
A_KSH_007.wav,2
A_KSH_008.wav,2
A_KSH_009.wav,2
A_KSH_010.wav,2
A_KSH_011.wav,2
A_KSH_012.wav,2
A_KSH_013.wav,2
A_KSH_014.wav,2
A_KSH_015.wav,2
A_KSH_016.wav,2
A_KSH_017.wav,2
A_KSH_018.wav,2
A_KSH_019.wav,2
A_KSH_020.wav,2
A_KSH_021.wav,2
A_KSH_022.wav,2
A_KSH_023.wav,2
A_KSH_024.wav,2
A_KSH_025.wav,2
A_KSH_026.wav,2
A_KSH_027.wav,2
A_KSH_028.wav,2
A_KSH_029.wav,2
A_KSH_030.wav,2
A_KYK_001.wav,2
A_KYK_002.wav,2
A_KYK_003.wav,2
A_KYK_004.wav,2
A_KYK_005.wav,2
A_KYK_006.wav,2
A_KYK_007.wav,2
A_KYK_008.wav,2
A_KYK_009.wav,2
A_KYK_010.wav,2
A_KYK_011.wav,2
A_KYK_012.wav,2
A_KYK_013.wav,2
A_KYK_014.wav,2
A_KYK_015.wav,2
A_KYK_016.wav,2
A_KYK_017.wav,2
A_KYK_018.wav,2
A_KYK_019.wav,2
A_KYK_020.wav,2
A_KYK_021.wav,2
A_KYK_022.wav,2
A_KYK_023.wav,2
A_KYK_024.wav,2
A_KYK_025.wav,2
A_KYK_026.wav,2
A_KYK_027.wav,2
A_KYK_028.wav,2
A_KYK_029.wav,2
A_KYK_030.wav,2
A_LJA_001.wav,2
A_LJA_002.wav,2
A_LJA_003.wav,2
A_LJA_004.wav,2
A_LJA_005.wav,2
A_LJA_006.wav,2
A_LJA_007.wav,2
A_LJA_008.wav,2
A_LJA_009.wav,2
A_LJA_010.wav,2
A_LJA_011.wav,2
A_LJA_012.wav,2
A_LJA_013.wav,2
A_LJA_014.wav,2
A_LJA_015.wav,2
A_LJA_016.wav,2
A_LJA_017.wav,2
A_LJA_018.wav,2
A_LJA_019.wav,2
A_LJA_020.wav,2
A_LJA_021.wav,2
A_LJA_022.wav,2
A_LJA_023.wav,2
A_LJA_024.wav,2
A_LJA_025.wav,2
A_LJA_026.wav,2
A_LJA_027.wav,2
A_LJA_028.wav,2
A_LJA_029.wav,2
A_LJA_030.wav,2
A_LJB_001.wav,2
A_LJB_002.wav,2
A_LJB_003.wav,2
A_LJB_004.wav,2
A_LJB_005.wav,2
A_LJB_006.wav,2
A_LJB_007.wav,2
A_LJB_008.wav,2
A_LJB_009.wav,2
A_LJB_010.wav,2
A_LJB_011.wav,2
A_LJB_012.wav,2
A_LJB_013.wav,2
A_LJB_014.wav,2
A_LJB_015.wav,2
A_LJB_016.wav,2
A_LJB_017.wav,2
A_LJB_018.wav,2
A_LJB_019.wav,2
A_LJB_020.wav,2
A_LJB_021.wav,2
A_LJB_022.wav,2
A_LJB_023.wav,2
A_LJB_024.wav,2
A_LJB_025.wav,2
A_LJB_026.wav,2
A_LJB_027.wav,2
A_LJB_028.wav,2
A_LJB_029.wav,2
A_LJB_030.wav,2
A_LJH_001.wav,2
A_LJH_002.wav,2
A_LJH_003.wav,2
A_LJH_004.wav,2
A_LJH_005.wav,2
A_LJH_006.wav,2
A_LJH_007.wav,2
A_LJH_008.wav,2
A_LJH_009.wav,2
A_LJH_010.wav,2
A_LJH_011.wav,2
A_LJH_012.wav,2
A_LJH_013.wav,2
A_LJH_014.wav,2
A_LJH_015.wav,2
A_LJH_016.wav,2
A_LJH_017.wav,2
A_LJH_018.wav,2
A_LJH_019.wav,2
A_LJH_020.wav,2
A_LJH_021.wav,2
A_LJH_022.wav,2
A_LJH_023.wav,2
A_LJH_024.wav,2
A_LJH_025.wav,2
A_LJH_026.wav,2
A_LJH_027.wav,2
A_LJH_028.wav,2
A_LJH_029.wav,2
A_LJH_030.wav,2
A_LSY_001.wav,2
A_LSY_002.wav,2
A_LSY_003.wav,2
A_LSY_004.wav,2
A_LSY_005.wav,2
A_LSY_006.wav,2
A_LSY_007.wav,2
A_LSY_008.wav,2
A_LSY_009.wav,2
A_LSY_010.wav,2
A_LSY_011.wav,2
A_LSY_012.wav,2
A_LSY_013.wav,2
A_LSY_014.wav,2
A_LSY_015.wav,2
A_LSY_016.wav,2
A_LSY_017.wav,2
A_LSY_018.wav,2
A_LSY_019.wav,2
A_LSY_020.wav,2
A_LSY_021.wav,2
A_LSY_022.wav,2
A_LSY_023.wav,2
A_LSY_024.wav,2
A_LSY_025.wav,2
A_LSY_026.wav,2
A_LSY_027.wav,2
A_LSY_028.wav,2
A_LSY_029.wav,2
A_LSY_030.wav,2
A_LYT_001.wav,2
A_LYT_002.wav,2
A_LYT_003.wav,2
A_LYT_004.wav,2
A_LYT_005.wav,2
A_LYT_006.wav,2
A_LYT_007.wav,2
A_LYT_008.wav,2
A_LYT_009.wav,2
A_LYT_010.wav,2
A_LYT_011.wav,2
A_LYT_012.wav,2
A_LYT_013.wav,2
A_LYT_014.wav,2
A_LYT_015.wav,2
A_LYT_016.wav,2
A_LYT_017.wav,2
A_LYT_018.wav,2
A_LYT_019.wav,2
A_LYT_020.wav,2
A_LYT_021.wav,2
A_LYT_022.wav,2
A_LYT_023.wav,2
A_LYT_024.wav,2
A_LYT_025.wav,2
A_LYT_026.wav,2
A_LYT_027.wav,2
A_LYT_028.wav,2
A_LYT_029.wav,2
A_LYT_030.wav,2
A_OES_001.wav,2
A_OES_002.wav,2
A_OES_003.wav,2
A_OES_004.wav,2
A_OES_005.wav,2
A_OES_006.wav,2
A_OES_007.wav,2
A_OES_008.wav,2
A_OES_009.wav,2
A_OES_010.wav,2
A_OES_011.wav,2
A_OES_012.wav,2
A_OES_013.wav,2
A_OES_014.wav,2
A_OES_015.wav,2
A_OES_016.wav,2
A_OES_017.wav,2
A_OES_018.wav,2
A_OES_019.wav,2
A_OES_020.wav,2
A_OES_021.wav,2
A_OES_022.wav,2
A_OES_023.wav,2
A_OES_024.wav,2
A_OES_025.wav,2
A_OES_026.wav,2
A_OES_027.wav,2
A_OES_028.wav,2
A_OES_029.wav,2
A_OES_030.wav,2
A_PGJ_001.wav,2
A_PGJ_002.wav,2
A_PGJ_003.wav,2
A_PGJ_004.wav,2
A_PGJ_005.wav,2
A_PGJ_006.wav,2
A_PGJ_007.wav,2
A_PGJ_008.wav,2
A_PGJ_009.wav,2
A_PGJ_010.wav,2
A_PGJ_011.wav,2
A_PGJ_012.wav,2
A_PGJ_013.wav,2
A_PGJ_014.wav,2
A_PGJ_015.wav,2
A_PGJ_016.wav,2
A_PGJ_017.wav,2
A_PGJ_018.wav,2
A_PGJ_019.wav,2
A_PGJ_020.wav,2
A_PGJ_021.wav,2
A_PGJ_022.wav,2
A_PGJ_023.wav,2
A_PGJ_024.wav,2
A_PGJ_025.wav,2
A_PGJ_026.wav,2
A_PGJ_027.wav,2
A_PGJ_028.wav,2
A_PGJ_029.wav,2
A_PGJ_030.wav,2
A_PSB_001.wav,2
A_PSB_002.wav,2
A_PSB_003.wav,2
A_PSB_004.wav,2
A_PSB_005.wav,2
A_PSB_006.wav,2
A_PSB_007.wav,2
A_PSB_008.wav,2
A_PSB_009.wav,2
A_PSB_010.wav,2
A_PSB_011.wav,2
A_PSB_012.wav,2
A_PSB_013.wav,2
A_PSB_014.wav,2
A_PSB_015.wav,2
A_PSB_016.wav,2
A_PSB_017.wav,2
A_PSB_018.wav,2
A_PSB_019.wav,2
A_PSB_020.wav,2
A_PSB_021.wav,2
A_PSB_022.wav,2
A_PSB_023.wav,2
A_PSB_024.wav,2
A_PSB_025.wav,2
A_PSB_026.wav,2
A_PSB_027.wav,2
A_PSB_028.wav,2
A_PSB_029.wav,2
A_PSB_030.wav,2
A_PSM_001.wav,2
A_PSM_002.wav,2
A_PSM_003.wav,2
A_PSM_004.wav,2
A_PSM_005.wav,2
A_PSM_006.wav,2
A_PSM_007.wav,2
A_PSM_008.wav,2
A_PSM_009.wav,2
A_PSM_010.wav,2
A_PSM_011.wav,2
A_PSM_012.wav,2
A_PSM_013.wav,2
A_PSM_014.wav,2
A_PSM_015.wav,2
A_PSM_016.wav,2
A_PSM_017.wav,2
A_PSM_018.wav,2
A_PSM_020.wav,2
A_PSM_021.wav,2
A_PSM_022.wav,2
A_PSM_023.wav,2
A_PSM_024.wav,2
A_PSM_025.wav,2
A_PSM_026.wav,2
A_PSM_027.wav,2
A_PSM_028.wav,2
A_PSM_029.wav,2
A_PSM_030.wav,2
A_PSM_031.wav,2
A_SDH_001.wav,2
A_SDH_002.wav,2
A_SDH_003.wav,2
A_SDH_004.wav,2
A_SDH_005.wav,2
A_SDH_006.wav,2
A_SDH_007.wav,2
A_SDH_008.wav,2
A_SDH_009.wav,2
A_SDH_010.wav,2
A_SDH_011.wav,2
A_SDH_012.wav,2
A_SDH_013.wav,2
A_SDH_014.wav,2
A_SDH_015.wav,2
A_SDH_016.wav,2
A_SDH_017.wav,2
A_SDH_018.wav,2
A_SDH_019.wav,2
A_SDH_020.wav,2
A_SDH_021.wav,2
A_SDH_022.wav,2
A_SDH_023.wav,2
A_SDH_024.wav,2
A_SDH_025.wav,2
A_SDH_026.wav,2
A_SDH_027.wav,2
A_SDH_028.wav,2
A_SDH_029.wav,2
A_SDH_030.wav,2
A_SHR_001.wav,2
A_SHR_002.wav,2
A_SHR_003.wav,2
A_SHR_004.wav,2
A_SHR_005.wav,2
A_SHR_006.wav,2
A_SHR_007.wav,2
A_SHR_008.wav,2
A_SHR_009.wav,2
A_SHR_010.wav,2
A_SHR_011.wav,2
A_SHR_012.wav,2
A_SHR_013.wav,2
A_SHR_014.wav,2
A_SHR_015.wav,2
A_SHR_016.wav,2
A_SHR_017.wav,2
A_SHR_018.wav,2
A_SHR_019.wav,2
A_SHR_020.wav,2
A_SHR_021.wav,2
A_SHR_022.wav,2
A_SHR_023.wav,2
A_SHR_024.wav,2
A_SHR_025.wav,2
A_SHR_026.wav,2
A_SHR_027.wav,2
A_SHR_028.wav,2
A_SHR_029.wav,2
A_SHR_030.wav,2
A_YSH_001.wav,2
A_YSH_002.wav,2
A_YSH_003.wav,2
A_YSH_004.wav,2
A_YSH_005.wav,2
A_YSH_006.wav,2
A_YSH_007.wav,2
A_YSH_008.wav,2
A_YSH_009.wav,2
A_YSH_010.wav,2
A_YSH_011.wav,2
A_YSH_012.wav,2
A_YSH_013.wav,2
A_YSH_014.wav,2
A_YSH_015.wav,2
A_YSH_016.wav,2
A_YSH_017.wav,2
A_YSH_018.wav,2
A_YSH_019.wav,2
A_YSH_020.wav,2
A_YSH_021.wav,2
A_YSH_022.wav,2
A_YSH_023.wav,2
A_YSH_024.wav,2
A_YSH_025.wav,2
A_YSH_026.wav,2
A_YSH_027.wav,2
A_YSH_028.wav,2
A_YSH_029.wav,2
A_YSH_030.wav,2
E_ASH_001.wav,3
E_ASH_002.wav,3
E_ASH_003.wav,3
E_ASH_004.wav,3
E_ASH_005.wav,3
E_ASH_006.wav,3
E_ASH_007.wav,3
E_ASH_008.wav,3
E_ASH_009.wav,3
E_ASH_010.wav,3
E_ASH_011.wav,3
E_ASH_012.wav,3
E_ASH_013.wav,3
E_ASH_014.wav,3
E_ASH_015.wav,3
E_ASH_016.wav,3
E_ASH_017.wav,3
E_ASH_018.wav,3
E_ASH_019.wav,3
E_ASH_020.wav,3
E_ASH_021.wav,3
E_ASH_022.wav,3
E_ASH_023.wav,3
E_ASH_024.wav,3
E_ASH_025.wav,3
E_ASH_026.wav,3
E_ASH_027.wav,3
E_ASH_028.wav,3
E_ASH_029.wav,3
E_ASH_030.wav,3
E_BJS_001.wav,3
E_BJS_002.wav,3
E_BJS_003.wav,3
E_BJS_004.wav,3
E_BJS_005.wav,3
E_BJS_006.wav,3
E_BJS_007.wav,3
E_BJS_008.wav,3
E_BJS_009.wav,3
E_BJS_010.wav,3
E_BJS_011.wav,3
E_BJS_012.wav,3
E_BJS_013.wav,3
E_BJS_014.wav,3
E_BJS_015.wav,3
E_BJS_016.wav,3
E_BJS_017.wav,3
E_BJS_018.wav,3
E_BJS_019.wav,3
E_BJS_020.wav,3
E_BJS_021.wav,3
E_BJS_022.wav,3
E_BJS_023.wav,3
E_BJS_024.wav,3
E_BJS_025.wav,3
E_BJS_026.wav,3
E_BJS_027.wav,3
E_BJS_028.wav,3
E_BJS_029.wav,3
E_BJS_030.wav,3
E_CHY_001.wav,3
E_CHY_002.wav,3
E_CHY_003.wav,3
E_CHY_004.wav,3
E_CHY_005.wav,3
E_CHY_006.wav,3
E_CHY_007.wav,3
E_CHY_008.wav,3
E_CHY_009.wav,3
E_CHY_010.wav,3
E_CHY_011.wav,3
E_CHY_012.wav,3
E_CHY_013.wav,3
E_CHY_014.wav,3
E_CHY_015.wav,3
E_CHY_016.wav,3
E_CHY_017.wav,3
E_CHY_018.wav,3
E_CHY_019.wav,3
E_CHY_020.wav,3
E_CHY_021.wav,3
E_CHY_022.wav,3
E_CHY_023.wav,3
E_CHY_024.wav,3
E_CHY_025.wav,3
E_CHY_026.wav,3
E_CHY_027.wav,3
E_CHY_028.wav,3
E_CHY_029.wav,3
E_CHY_030.wav,3
E_CST_001.wav,3
E_CST_002.wav,3
E_CST_003.wav,3
E_CST_004.wav,3
E_CST_005.wav,3
E_CST_006.wav,3
E_CST_007.wav,3
E_CST_008.wav,3
E_CST_009.wav,3
E_CST_010.wav,3
E_CST_011.wav,3
E_CST_012.wav,3
E_CST_013.wav,3
E_CST_014.wav,3
E_CST_015.wav,3
E_CST_016.wav,3
E_CST_017.wav,3
E_CST_018.wav,3
E_CST_019.wav,3
E_CST_020.wav,3
E_CST_021.wav,3
E_CST_022.wav,3
E_CST_023.wav,3
E_CST_024.wav,3
E_CST_025.wav,3
E_CST_026.wav,3
E_CST_027.wav,3
E_CST_028.wav,3
E_CST_029.wav,3
E_CST_030.wav,3
E_CYJ_001.wav,3
E_CYJ_002.wav,3
E_CYJ_003.wav,3
E_CYJ_004.wav,3
E_CYJ_005.wav,3
E_CYJ_006.wav,3
E_CYJ_007.wav,3
E_CYJ_008.wav,3
E_CYJ_009.wav,3
E_CYJ_010.wav,3
E_CYJ_011.wav,3
E_CYJ_012.wav,3
E_CYJ_013.wav,3
E_CYJ_014.wav,3
E_CYJ_015.wav,3
E_CYJ_016.wav,3
E_CYJ_017.wav,3
E_CYJ_018.wav,3
E_CYJ_019.wav,3
E_CYJ_020.wav,3
E_CYJ_021.wav,3
E_CYJ_022.wav,3
E_CYJ_023.wav,3
E_CYJ_024.wav,3
E_CYJ_025.wav,3
E_CYJ_026.wav,3
E_CYJ_027.wav,3
E_CYJ_028.wav,3
E_CYJ_029.wav,3
E_CYJ_030.wav,3
E_GTE_001.wav,3
E_GTE_002.wav,3
E_GTE_003.wav,3
E_GTE_004.wav,3
E_GTE_005.wav,3
E_GTE_006.wav,3
E_GTE_007.wav,3
E_GTE_008.wav,3
E_GTE_009.wav,3
E_GTE_010.wav,3
E_GTE_011.wav,3
E_GTE_012.wav,3
E_GTE_013.wav,3
E_GTE_014.wav,3
E_GTE_015.wav,3
E_GTE_016.wav,3
E_GTE_017.wav,3
E_GTE_018.wav,3
E_GTE_019.wav,3
E_GTE_020.wav,3
E_GTE_021.wav,3
E_GTE_022.wav,3
E_GTE_023.wav,3
E_GTE_024.wav,3
E_GTE_025.wav,3
E_GTE_026.wav,3
E_GTE_027.wav,3
E_GTE_028.wav,3
E_GTE_029.wav,3
E_GTE_030.wav,3
E_GYJ_001.wav,3
E_GYJ_002.wav,3
E_GYJ_003.wav,3
E_GYJ_004.wav,3
E_GYJ_005.wav,3
E_GYJ_006.wav,3
E_GYJ_007.wav,3
E_GYJ_008.wav,3
E_GYJ_009.wav,3
E_GYJ_010.wav,3
E_GYJ_011.wav,3
E_GYJ_012.wav,3
E_GYJ_013.wav,3
E_GYJ_014.wav,3
E_GYJ_015.wav,3
E_GYJ_016.wav,3
E_GYJ_017.wav,3
E_GYJ_018.wav,3
E_GYJ_019.wav,3
E_GYJ_020.wav,3
E_GYJ_021.wav,3
E_GYJ_022.wav,3
E_GYJ_023.wav,3
E_GYJ_024.wav,3
E_GYJ_025.wav,3
E_GYJ_026.wav,3
E_GYJ_027.wav,3
E_GYJ_028.wav,3
E_GYJ_029.wav,3
E_GYJ_030.wav,3
E_JBR_001.wav,3
E_JBR_002.wav,3
E_JBR_003.wav,3
E_JBR_004.wav,3
E_JBR_005.wav,3
E_JBR_006.wav,3
E_JBR_007.wav,3
E_JBR_008.wav,3
E_JBR_009.wav,3
E_JBR_010.wav,3
E_JBR_011.wav,3
E_JBR_012.wav,3
E_JBR_013.wav,3
E_JBR_014.wav,3
E_JBR_015.wav,3
E_JBR_016.wav,3
E_JBR_017.wav,3
E_JBR_018.wav,3
E_JBR_019.wav,3
E_JBR_020.wav,3
E_JBR_021.wav,3
E_JBR_022.wav,3
E_JBR_023.wav,3
E_JBR_024.wav,3
E_JBR_025.wav,3
E_JBR_026.wav,3
E_JBR_027.wav,3
E_JBR_028.wav,3
E_JBR_029.wav,3
E_JBR_030.wav,3
E_JCH_001.wav,3
E_JCH_002.wav,3
E_JCH_003.wav,3
E_JCH_004.wav,3
E_JCH_005.wav,3
E_JCH_006.wav,3
E_JCH_007.wav,3
E_JCH_008.wav,3
E_JCH_009.wav,3
E_JCH_010.wav,3
E_JCH_011.wav,3
E_JCH_012.wav,3
E_JCH_013.wav,3
E_JCH_014.wav,3
E_JCH_015.wav,3
E_JCH_016.wav,3
E_JCH_017.wav,3
E_JCH_018.wav,3
E_JCH_019.wav,3
E_JCH_020.wav,3
E_JCH_021.wav,3
E_JCH_022.wav,3
E_JCH_023.wav,3
E_JCH_024.wav,3
E_JCH_025.wav,3
E_JCH_026.wav,3
E_JCH_027.wav,3
E_JCH_028.wav,3
E_JCH_029.wav,3
E_JCH_030.wav,3
E_JSH_001.wav,3
E_JSH_002.wav,3
E_JSH_003.wav,3
E_JSH_004.wav,3
E_JSH_005.wav,3
E_JSH_006.wav,3
E_JSH_007.wav,3
E_JSH_008.wav,3
E_JSH_009.wav,3
E_JSH_010.wav,3
E_JSH_011.wav,3
E_JSH_012.wav,3
E_JSH_013.wav,3
E_JSH_014.wav,3
E_JSH_015.wav,3
E_JSH_016.wav,3
E_JSH_017.wav,3
E_JSH_018.wav,3
E_JSH_019.wav,3
E_JSH_020.wav,3
E_JSH_021.wav,3
E_JSH_022.wav,3
E_JSH_023.wav,3
E_JSH_024.wav,3
E_JSH_025.wav,3
E_JSH_026.wav,3
E_JSH_027.wav,3
E_JSH_028.wav,3
E_JSH_029.wav,3
E_JSH_030.wav,3
E_JYC_001.wav,3
E_JYC_002.wav,3
E_JYC_003.wav,3
E_JYC_004.wav,3
E_JYC_005.wav,3
E_JYC_006.wav,3
E_JYC_007.wav,3
E_JYC_008.wav,3
E_JYC_009.wav,3
E_JYC_010.wav,3
E_JYC_011.wav,3
E_JYC_012.wav,3
E_JYC_013.wav,3
E_JYC_014.wav,3
E_JYC_015.wav,3
E_JYC_016.wav,3
E_JYC_017.wav,3
E_JYC_018.wav,3
E_JYC_019.wav,3
E_JYC_020.wav,3
E_JYC_021.wav,3
E_JYC_022.wav,3
E_JYC_023.wav,3
E_JYC_024.wav,3
E_JYC_025.wav,3
E_JYC_026.wav,3
E_JYC_027.wav,3
E_JYC_028.wav,3
E_JYC_029.wav,3
E_JYC_030.wav,3
E_JYW_001.wav,3
E_JYW_002.wav,3
E_JYW_003.wav,3
E_JYW_004.wav,3
E_JYW_005.wav,3
E_JYW_006.wav,3
E_JYW_007.wav,3
E_JYW_008.wav,3
E_JYW_009.wav,3
E_JYW_010.wav,3
E_JYW_011.wav,3
E_JYW_012.wav,3
E_JYW_013.wav,3
E_JYW_014.wav,3
E_JYW_015.wav,3
E_JYW_016.wav,3
E_JYW_017.wav,3
E_JYW_018.wav,3
E_JYW_019.wav,3
E_JYW_020.wav,3
E_JYW_021.wav,3
E_JYW_022.wav,3
E_JYW_023.wav,3
E_JYW_024.wav,3
E_JYW_025.wav,3
E_JYW_026.wav,3
E_JYW_027.wav,3
E_JYW_028.wav,3
E_JYW_029.wav,3
E_JYW_030.wav,3
E_KDD_001.wav,3
E_KDD_002.wav,3
E_KDD_003.wav,3
E_KDD_004.wav,3
E_KDD_005.wav,3
E_KDD_006.wav,3
E_KDD_007.wav,3
E_KDD_008.wav,3
E_KDD_009.wav,3
E_KDD_010.wav,3
E_KDD_011.wav,3
E_KDD_012.wav,3
E_KDD_013.wav,3
E_KDD_014.wav,3
E_KDD_015.wav,3
E_KDD_016.wav,3
E_KDD_017.wav,3
E_KDD_018.wav,3
E_KDD_019.wav,3
E_KDD_020.wav,3
E_KDD_021.wav,3
E_KDD_022.wav,3
E_KDD_023.wav,3
E_KDD_024.wav,3
E_KDD_025.wav,3
E_KDD_026.wav,3
E_KDD_027.wav,3
E_KDD_028.wav,3
E_KDD_029.wav,3
E_KDD_030.wav,3
E_KIH_001.wav,3
E_KIH_002.wav,3
E_KIH_003.wav,3
E_KIH_004.wav,3
E_KIH_005.wav,3
E_KIH_006.wav,3
E_KIH_007.wav,3
E_KIH_008.wav,3
E_KIH_009.wav,3
E_KIH_010.wav,3
E_KIH_011.wav,3
E_KIH_012.wav,3
E_KIH_013.wav,3
E_KIH_014.wav,3
E_KIH_015.wav,3
E_KIH_016.wav,3
E_KIH_017.wav,3
E_KIH_018.wav,3
E_KIH_019.wav,3
E_KIH_020.wav,3
E_KIH_021.wav,3
E_KIH_022.wav,3
E_KIH_023.wav,3
E_KIH_024.wav,3
E_KIH_025.wav,3
E_KIH_026.wav,3
E_KIH_027.wav,3
E_KIH_028.wav,3
E_KIH_029.wav,3
E_KIH_030.wav,3
E_KJE_001.wav,3
E_KJE_002.wav,3
E_KJE_003.wav,3
E_KJE_004.wav,3
E_KJE_005.wav,3
E_KJE_006.wav,3
E_KJE_007.wav,3
E_KJE_008.wav,3
E_KJE_009.wav,3
E_KJE_010.wav,3
E_KJE_011.wav,3
E_KJE_012.wav,3
E_KJE_013.wav,3
E_KJE_014.wav,3
E_KJE_015.wav,3
E_KJE_016.wav,3
E_KJE_017.wav,3
E_KJE_018.wav,3
E_KJE_019.wav,3
E_KJE_020.wav,3
E_KJE_021.wav,3
E_KJE_022.wav,3
E_KJE_023.wav,3
E_KJE_024.wav,3
E_KJE_025.wav,3
E_KJE_026.wav,3
E_KJE_027.wav,3
E_KJE_028.wav,3
E_KJE_029.wav,3
E_KJE_030.wav,3
E_KJS_001.wav,3
E_KJS_002.wav,3
E_KJS_003.wav,3
E_KJS_004.wav,3
E_KJS_005.wav,3
E_KJS_006.wav,3
E_KJS_007.wav,3
E_KJS_008.wav,3
E_KJS_009.wav,3
E_KJS_010.wav,3
E_KJS_011.wav,3
E_KJS_012.wav,3
E_KJS_013.wav,3
E_KJS_014.wav,3
E_KJS_015.wav,3
E_KJS_016.wav,3
E_KJS_017.wav,3
E_KJS_018.wav,3
E_KJS_019.wav,3
E_KJS_020.wav,3
E_KJS_021.wav,3
E_KJS_022.wav,3
E_KJS_023.wav,3
E_KJS_024.wav,3
E_KJS_025.wav,3
E_KJS_026.wav,3
E_KJS_027.wav,3
E_KJS_028.wav,3
E_KJS_029.wav,3
E_KJS_030.wav,3
E_KKI_001.wav,3
E_KKI_002.wav,3
E_KKI_003.wav,3
E_KKI_004.wav,3
E_KKI_005.wav,3
E_KKI_006.wav,3
E_KKI_007.wav,3
E_KKI_008.wav,3
E_KKI_009.wav,3
E_KKI_010.wav,3
E_KKI_011.wav,3
E_KKI_012.wav,3
E_KKI_013.wav,3
E_KKI_014.wav,3
E_KKI_015.wav,3
E_KKI_016.wav,3
E_KKI_017.wav,3
E_KKI_018.wav,3
E_KKI_019.wav,3
E_KKI_020.wav,3
E_KKI_021.wav,3
E_KKI_022.wav,3
E_KKI_023.wav,3
E_KKI_024.wav,3
E_KKI_025.wav,3
E_KKI_026.wav,3
E_KKI_027.wav,3
E_KKI_028.wav,3
E_KKI_029.wav,3
E_KKI_030.wav,3
E_KSH_001.wav,3
E_KSH_002.wav,3
E_KSH_003.wav,3
E_KSH_004.wav,3
E_KSH_005.wav,3
E_KSH_006.wav,3
E_KSH_007.wav,3
E_KSH_008.wav,3
E_KSH_009.wav,3
E_KSH_010.wav,3
E_KSH_011.wav,3
E_KSH_012.wav,3
E_KSH_013.wav,3
E_KSH_014.wav,3
E_KSH_015.wav,3
E_KSH_016.wav,3
E_KSH_017.wav,3
E_KSH_018.wav,3
E_KSH_019.wav,3
E_KSH_020.wav,3
E_KSH_021.wav,3
E_KSH_022.wav,3
E_KSH_023.wav,3
E_KSH_024.wav,3
E_KSH_025.wav,3
E_KSH_026.wav,3
E_KSH_027.wav,3
E_KSH_028.wav,3
E_KSH_029.wav,3
E_KSH_030.wav,3
E_KYK_001.wav,3
E_KYK_002.wav,3
E_KYK_003.wav,3
E_KYK_004.wav,3
E_KYK_005.wav,3
E_KYK_006.wav,3
E_KYK_007.wav,3
E_KYK_008.wav,3
E_KYK_009.wav,3
E_KYK_010.wav,3
E_KYK_011.wav,3
E_KYK_012.wav,3
E_KYK_013.wav,3
E_KYK_014.wav,3
E_KYK_015.wav,3
E_KYK_016.wav,3
E_KYK_017.wav,3
E_KYK_018.wav,3
E_KYK_019.wav,3
E_KYK_020.wav,3
E_KYK_021.wav,3
E_KYK_022.wav,3
E_KYK_023.wav,3
E_KYK_024.wav,3
E_KYK_025.wav,3
E_KYK_026.wav,3
E_KYK_027.wav,3
E_KYK_028.wav,3
E_KYK_029.wav,3
E_KYK_030.wav,3
E_LJA_001.wav,3
E_LJA_002.wav,3
E_LJA_003.wav,3
E_LJA_004.wav,3
E_LJA_005.wav,3
E_LJA_006.wav,3
E_LJA_007.wav,3
E_LJA_008.wav,3
E_LJA_009.wav,3
E_LJA_010.wav,3
E_LJA_011.wav,3
E_LJA_012.wav,3
E_LJA_013.wav,3
E_LJA_014.wav,3
E_LJA_015.wav,3
E_LJA_016.wav,3
E_LJA_017.wav,3
E_LJA_018.wav,3
E_LJA_019.wav,3
E_LJA_020.wav,3
E_LJA_021.wav,3
E_LJA_022.wav,3
E_LJA_023.wav,3
E_LJA_024.wav,3
E_LJA_025.wav,3
E_LJA_026.wav,3
E_LJA_027.wav,3
E_LJA_028.wav,3
E_LJA_029.wav,3
E_LJA_030.wav,3
E_LJB_001.wav,3
E_LJB_002.wav,3
E_LJB_003.wav,3
E_LJB_004.wav,3
E_LJB_005.wav,3
E_LJB_006.wav,3
E_LJB_007.wav,3
E_LJB_008.wav,3
E_LJB_009.wav,3
E_LJB_010.wav,3
E_LJB_011.wav,3
E_LJB_012.wav,3
E_LJB_013.wav,3
E_LJB_014.wav,3
E_LJB_015.wav,3
E_LJB_016.wav,3
E_LJB_017.wav,3
E_LJB_018.wav,3
E_LJB_019.wav,3
E_LJB_020.wav,3
E_LJB_021.wav,3
E_LJB_022.wav,3
E_LJB_023.wav,3
E_LJB_024.wav,3
E_LJB_025.wav,3
E_LJB_026.wav,3
E_LJB_027.wav,3
E_LJB_028.wav,3
E_LJB_029.wav,3
E_LJB_030.wav,3
E_LJH_001.wav,3
E_LJH_002.wav,3
E_LJH_003.wav,3
E_LJH_004.wav,3
E_LJH_005.wav,3
E_LJH_006.wav,3
E_LJH_007.wav,3
E_LJH_008.wav,3
E_LJH_009.wav,3
E_LJH_010.wav,3
E_LJH_011.wav,3
E_LJH_012.wav,3
E_LJH_013.wav,3
E_LJH_014.wav,3
E_LJH_015.wav,3
E_LJH_016.wav,3
E_LJH_017.wav,3
E_LJH_018.wav,3
E_LJH_019.wav,3
E_LJH_020.wav,3
E_LJH_021.wav,3
E_LJH_022.wav,3
E_LJH_023.wav,3
E_LJH_024.wav,3
E_LJH_025.wav,3
E_LJH_026.wav,3
E_LJH_027.wav,3
E_LJH_028.wav,3
E_LJH_029.wav,3
E_LJH_030.wav,3
E_LSY_001.wav,3
E_LSY_002.wav,3
E_LSY_003.wav,3
E_LSY_004.wav,3
E_LSY_005.wav,3
E_LSY_006.wav,3
E_LSY_007.wav,3
E_LSY_008.wav,3
E_LSY_009.wav,3
E_LSY_010.wav,3
E_LSY_011.wav,3
E_LSY_012.wav,3
E_LSY_013.wav,3
E_LSY_014.wav,3
E_LSY_015.wav,3
E_LSY_016.wav,3
E_LSY_017.wav,3
E_LSY_018.wav,3
E_LSY_019.wav,3
E_LSY_020.wav,3
E_LSY_021.wav,3
E_LSY_022.wav,3
E_LSY_023.wav,3
E_LSY_024.wav,3
E_LSY_025.wav,3
E_LSY_026.wav,3
E_LSY_027.wav,3
E_LSY_028.wav,3
E_LSY_029.wav,3
E_LSY_030.wav,3
E_LYT_001.wav,3
E_LYT_002.wav,3
E_LYT_003.wav,3
E_LYT_004.wav,3
E_LYT_005.wav,3
E_LYT_006.wav,3
E_LYT_007.wav,3
E_LYT_008.wav,3
E_LYT_009.wav,3
E_LYT_010.wav,3
E_LYT_011.wav,3
E_LYT_012.wav,3
E_LYT_013.wav,3
E_LYT_014.wav,3
E_LYT_015.wav,3
E_LYT_016.wav,3
E_LYT_017.wav,3
E_LYT_018.wav,3
E_LYT_019.wav,3
E_LYT_020.wav,3
E_LYT_021.wav,3
E_LYT_022.wav,3
E_LYT_023.wav,3
E_LYT_024.wav,3
E_LYT_025.wav,3
E_LYT_026.wav,3
E_LYT_027.wav,3
E_LYT_028.wav,3
E_LYT_029.wav,3
E_LYT_030.wav,3
E_OES_001.wav,3
E_OES_002.wav,3
E_OES_003.wav,3
E_OES_004.wav,3
E_OES_005.wav,3
E_OES_006.wav,3
E_OES_007.wav,3
E_OES_008.wav,3
E_OES_009.wav,3
E_OES_010.wav,3
E_OES_011.wav,3
E_OES_012.wav,3
E_OES_013.wav,3
E_OES_014.wav,3
E_OES_015.wav,3
E_OES_016.wav,3
E_OES_017.wav,3
E_OES_018.wav,3
E_OES_019.wav,3
E_OES_020.wav,3
E_OES_021.wav,3
E_OES_022.wav,3
E_OES_023.wav,3
E_OES_024.wav,3
E_OES_025.wav,3
E_OES_026.wav,3
E_OES_027.wav,3
E_OES_028.wav,3
E_OES_029.wav,3
E_OES_030.wav,3
E_PGJ_001.wav,3
E_PGJ_002.wav,3
E_PGJ_003.wav,3
E_PGJ_004.wav,3
E_PGJ_005.wav,3
E_PGJ_006.wav,3
E_PGJ_007.wav,3
E_PGJ_008.wav,3
E_PGJ_009.wav,3
E_PGJ_010.wav,3
E_PGJ_011.wav,3
E_PGJ_012.wav,3
E_PGJ_013.wav,3
E_PGJ_014.wav,3
E_PGJ_015.wav,3
E_PGJ_016.wav,3
E_PGJ_017.wav,3
E_PGJ_018.wav,3
E_PGJ_019.wav,3
E_PGJ_020.wav,3
E_PGJ_021.wav,3
E_PGJ_022.wav,3
E_PGJ_023.wav,3
E_PGJ_024.wav,3
E_PGJ_025.wav,3
E_PGJ_026.wav,3
E_PGJ_027.wav,3
E_PGJ_028.wav,3
E_PGJ_029.wav,3
E_PGJ_030.wav,3
E_PSM_001.wav,3
E_PSM_002.wav,3
E_PSM_003.wav,3
E_PSM_004.wav,3
E_PSM_005.wav,3
E_PSM_006.wav,3
E_PSM_007.wav,3
E_PSM_008.wav,3
E_PSM_009.wav,3
E_PSM_010.wav,3
E_PSM_011.wav,3
E_PSM_012.wav,3
E_PSM_013.wav,3
E_PSM_014.wav,3
E_PSM_015.wav,3
E_PSM_016.wav,3
E_PSM_017.wav,3
E_PSM_018.wav,3
E_PSM_019.wav,3
E_PSM_020.wav,3
E_PSM_021.wav,3
E_PSM_022.wav,3
E_PSM_023.wav,3
E_PSM_024.wav,3
E_PSM_025.wav,3
E_PSM_026.wav,3
E_PSM_027.wav,3
E_PSM_028.wav,3
E_PSM_029.wav,3
E_PSM_030.wav,3
E_SDH_001.wav,3
E_SDH_002.wav,3
E_SDH_003.wav,3
E_SDH_004.wav,3
E_SDH_005.wav,3
E_SDH_006.wav,3
E_SDH_007.wav,3
E_SDH_008.wav,3
E_SDH_009.wav,3
E_SDH_010.wav,3
E_SDH_012.wav,3
E_SDH_013.wav,3
E_SDH_014.wav,3
E_SDH_015.wav,3
E_SDH_016.wav,3
E_SDH_017.wav,3
E_SDH_018.wav,3
E_SDH_019.wav,3
E_SDH_020.wav,3
E_SDH_021.wav,3
E_SDH_022.wav,3
E_SDH_023.wav,3
E_SDH_024.wav,3
E_SDH_025.wav,3
E_SDH_026.wav,3
E_SDH_027.wav,3
E_SDH_028.wav,3
E_SDH_029.wav,3
E_SDH_030.wav,3
E_SDH_031.wav,3
E_SJH_001.wav,3
E_SJH_002.wav,3
E_SJH_003.wav,3
E_SJH_004.wav,3
E_SJH_005.wav,3
E_SJH_006.wav,3
E_SJH_007.wav,3
E_SJH_008.wav,3
E_SJH_009.wav,3
E_SJH_010.wav,3
E_SJH_011.wav,3
E_SJH_012.wav,3
E_SJH_013.wav,3
E_SJH_014.wav,3
E_SJH_015.wav,3
E_SJH_016.wav,3
E_SJH_017.wav,3
E_SJH_018.wav,3
E_SJH_019.wav,3
E_SJH_020.wav,3
E_SJH_021.wav,3
E_SJH_022.wav,3
E_SJH_023.wav,3
E_SJH_024.wav,3
E_SJH_025.wav,3
E_SJH_026.wav,3
E_SJH_027.wav,3
E_SJH_028.wav,3
E_SJH_029.wav,3
E_SJH_030.wav,3
E_YSH_001.wav,3
E_YSH_002.wav,3
E_YSH_003.wav,3
E_YSH_004.wav,3
E_YSH_005.wav,3
E_YSH_006.wav,3
E_YSH_007.wav,3
E_YSH_008.wav,3
E_YSH_009.wav,3
E_YSH_010.wav,3
E_YSH_011.wav,3
E_YSH_012.wav,3
E_YSH_013.wav,3
E_YSH_014.wav,3
E_YSH_015.wav,3
E_YSH_016.wav,3
E_YSH_017.wav,3
E_YSH_018.wav,3
E_YSH_019.wav,3
E_YSH_020.wav,3
E_YSH_021.wav,3
E_YSH_022.wav,3
E_YSH_023.wav,3
E_YSH_024.wav,3
E_YSH_025.wav,3
E_YSH_026.wav,3
E_YSH_027.wav,3
E_YSH_028.wav,3
E_YSH_029.wav,3
E_YSH_030.wav,3
H_ASH_001.wav,0
H_ASH_002.wav,0
H_ASH_003.wav,0
H_ASH_004.wav,0
H_ASH_005.wav,0
H_ASH_006.wav,0
H_ASH_007.wav,0
H_ASH_008.wav,0
H_ASH_009.wav,0
H_ASH_010.wav,0
H_ASH_011.wav,0
H_ASH_012.wav,0
H_ASH_013.wav,0
H_ASH_014.wav,0
H_ASH_015.wav,0
H_ASH_016.wav,0
H_ASH_017.wav,0
H_ASH_018.wav,0
H_ASH_019.wav,0
H_ASH_020.wav,0
H_ASH_021.wav,0
H_ASH_022.wav,0
H_ASH_023.wav,0
H_ASH_024.wav,0
H_ASH_025.wav,0
H_ASH_026.wav,0
H_ASH_027.wav,0
H_ASH_028.wav,0
H_ASH_029.wav,0
H_ASH_030.wav,0
H_CHY_001.wav,0
H_CHY_002.wav,0
H_CHY_003.wav,0
H_CHY_004.wav,0
H_CHY_005.wav,0
H_CHY_006.wav,0
H_CHY_007.wav,0
H_CHY_008.wav,0
H_CHY_009.wav,0
H_CHY_010.wav,0
H_CHY_011.wav,0
H_CHY_012.wav,0
H_CHY_013.wav,0
H_CHY_014.wav,0
H_CHY_015.wav,0
H_CHY_016.wav,0
H_CHY_017.wav,0
H_CHY_018.wav,0
H_CHY_019.wav,0
H_CHY_020.wav,0
H_CHY_021.wav,0
H_CHY_022.wav,0
H_CHY_023.wav,0
H_CHY_024.wav,0
H_CHY_025.wav,0
H_CHY_026.wav,0
H_CHY_027.wav,0
H_CHY_028.wav,0
H_CHY_029.wav,0
H_CHY_030.wav,0
H_CST_001.wav,0
H_CST_002.wav,0
H_CST_003.wav,0
H_CST_004.wav,0
H_CST_005.wav,0
H_CST_006.wav,0
H_CST_007.wav,0
H_CST_008.wav,0
H_CST_009.wav,0
H_CST_010.wav,0
H_CST_011.wav,0
H_CST_012.wav,0
H_CST_013.wav,0
H_CST_014.wav,0
H_CST_015.wav,0
H_CST_016.wav,0
H_CST_017.wav,0
H_CST_018.wav,0
H_CST_019.wav,0
H_CST_020.wav,0
H_CST_021.wav,0
H_CST_022.wav,0
H_CST_023.wav,0
H_CST_024.wav,0
H_CST_025.wav,0
H_CST_026.wav,0
H_CST_027.wav,0
H_CST_028.wav,0
H_CST_029.wav,0
H_CST_030.wav,0
H_HGW_001.wav,0
H_HGW_002.wav,0
H_HGW_003.wav,0
H_HGW_004.wav,0
H_HGW_005.wav,0
H_HGW_006.wav,0
H_HGW_007.wav,0
H_HGW_008.wav,0
H_HGW_009.wav,0
H_HGW_010.wav,0
H_HGW_011.wav,0
H_HGW_012.wav,0
H_HGW_013.wav,0
H_HGW_014.wav,0
H_HGW_015.wav,0
H_HGW_016.wav,0
H_HGW_017.wav,0
H_HGW_018.wav,0
H_HGW_019.wav,0
H_HGW_020.wav,0
H_HGW_021.wav,0
H_HGW_022.wav,0
H_HGW_023.wav,0
H_HGW_024.wav,0
H_HGW_025.wav,0
H_HGW_026.wav,0
H_HGW_027.wav,0
H_HGW_028.wav,0
H_HGW_029.wav,0
H_HGW_030.wav,0
H_JBR_001.wav,0
H_JBR_002.wav,0
H_JBR_003.wav,0
H_JBR_004.wav,0
H_JBR_005.wav,0
H_JBR_006.wav,0
H_JBR_007.wav,0
H_JBR_008.wav,0
H_JBR_009.wav,0
H_JBR_010.wav,0
H_JBR_011.wav,0
H_JBR_012.wav,0
H_JBR_013.wav,0
H_JBR_014.wav,0
H_JBR_015.wav,0
H_JBR_016.wav,0
H_JBR_017.wav,0
H_JBR_018.wav,0
H_JBR_019.wav,0
H_JBR_020.wav,0
H_JBR_021.wav,0
H_JBR_022.wav,0
H_JBR_023.wav,0
H_JBR_024.wav,0
H_JBR_025.wav,0
H_JBR_026.wav,0
H_JBR_027.wav,0
H_JBR_028.wav,0
H_JBR_029.wav,0
H_JBR_030.wav,0
H_JCH_001.wav,0
H_JCH_002.wav,0
H_JCH_003.wav,0
H_JCH_004.wav,0
H_JCH_005.wav,0
H_JCH_006.wav,0
H_JCH_007.wav,0
H_JCH_008.wav,0
H_JCH_009.wav,0
H_JCH_010.wav,0
H_JCH_011.wav,0
H_JCH_012.wav,0
H_JCH_013.wav,0
H_JCH_014.wav,0
H_JCH_015.wav,0
H_JCH_016.wav,0
H_JCH_017.wav,0
H_JCH_018.wav,0
H_JCH_019.wav,0
H_JCH_020.wav,0
H_JCH_021.wav,0
H_JCH_022.wav,0
H_JCH_023.wav,0
H_JCH_024.wav,0
H_JCH_025.wav,0
H_JCH_026.wav,0
H_JCH_027.wav,0
H_JCH_028.wav,0
H_JCH_029.wav,0
H_JCH_030.wav,0
H_JSH_001.wav,0
H_JSH_002.wav,0
H_JSH_003.wav,0
H_JSH_004.wav,0
H_JSH_005.wav,0
H_JSH_006.wav,0
H_JSH_007.wav,0
H_JSH_008.wav,0
H_JSH_009.wav,0
H_JSH_010.wav,0
H_JSH_011.wav,0
H_JSH_012.wav,0
H_JSH_013.wav,0
H_JSH_014.wav,0
H_JSH_015.wav,0
H_JSH_016.wav,0
H_JSH_017.wav,0
H_JSH_018.wav,0
H_JSH_019.wav,0
H_JSH_020.wav,0
H_JSH_021.wav,0
H_JSH_022.wav,0
H_JSH_023.wav,0
H_JSH_024.wav,0
H_JSH_025.wav,0
H_JSH_026.wav,0
H_JSH_027.wav,0
H_JSH_028.wav,0
H_JSH_029.wav,0
H_JSH_030.wav,0
H_JSY_001.wav,0
H_JSY_002.wav,0
H_JSY_003.wav,0
H_JSY_004.wav,0
H_JSY_005.wav,0
H_JSY_006.wav,0
H_JSY_007.wav,0
H_JSY_008.wav,0
H_JSY_009.wav,0
H_JSY_010.wav,0
H_JSY_011.wav,0
H_JSY_012.wav,0
H_JSY_013.wav,0
H_JSY_014.wav,0
H_JSY_015.wav,0
H_JSY_016.wav,0
H_JSY_017.wav,0
H_JSY_018.wav,0
H_JSY_019.wav,0
H_JSY_020.wav,0
H_JSY_021.wav,0
H_JSY_022.wav,0
H_JSY_023.wav,0
H_JSY_024.wav,0
H_JSY_025.wav,0
H_JSY_026.wav,0
H_JSY_027.wav,0
H_JSY_028.wav,0
H_JSY_029.wav,0
H_JSY_030.wav,0
H_JYC_001.wav,0
H_JYC_002.wav,0
H_JYC_003.wav,0
H_JYC_004.wav,0
H_JYC_005.wav,0
H_JYC_006.wav,0
H_JYC_007.wav,0
H_JYC_008.wav,0
H_JYC_009.wav,0
H_JYC_010.wav,0
H_JYC_011.wav,0
H_JYC_012.wav,0
H_JYC_013.wav,0
H_JYC_014.wav,0
H_JYC_015.wav,0
H_JYC_016.wav,0
H_JYC_017.wav,0
H_JYC_018.wav,0
H_JYC_019.wav,0
H_JYC_020.wav,0
H_JYC_021.wav,0
H_JYC_022.wav,0
H_JYC_023.wav,0
H_JYC_024.wav,0
H_JYC_025.wav,0
H_JYC_026.wav,0
H_JYC_027.wav,0
H_JYC_028.wav,0
H_JYC_029.wav,0
H_JYC_030.wav,0
H_JYS_001.wav,0
H_JYS_002.wav,0
H_JYS_003.wav,0
H_JYS_004.wav,0
H_JYS_005.wav,0
H_JYS_006.wav,0
H_JYS_007.wav,0
H_JYS_008.wav,0
H_JYS_009.wav,0
H_JYS_010.wav,0
H_JYS_011.wav,0
H_JYS_012.wav,0
H_JYS_013.wav,0
H_JYS_014.wav,0
H_JYS_015.wav,0
H_JYS_016.wav,0
H_JYS_017.wav,0
H_JYS_018.wav,0
H_JYS_019.wav,0
H_JYS_020.wav,0
H_JYS_021.wav,0
H_JYS_022.wav,0
H_JYS_023.wav,0
H_JYS_024.wav,0
H_JYS_025.wav,0
H_JYS_026.wav,0
H_JYS_027.wav,0
H_JYS_028.wav,0
H_JYS_029.wav,0
H_JYS_030.wav,0
H_JYW_001.wav,0
H_JYW_002.wav,0
H_JYW_003.wav,0
H_JYW_004.wav,0
H_JYW_005.wav,0
H_JYW_006.wav,0
H_JYW_007.wav,0
H_JYW_008.wav,0
H_JYW_009.wav,0
H_JYW_010.wav,0
H_JYW_011.wav,0
H_JYW_012.wav,0
H_JYW_013.wav,0
H_JYW_014.wav,0
H_JYW_015.wav,0
H_JYW_016.wav,0
H_JYW_017.wav,0
H_JYW_018.wav,0
H_JYW_019.wav,0
H_JYW_020.wav,0
H_JYW_021.wav,0
H_JYW_022.wav,0
H_JYW_023.wav,0
H_JYW_024.wav,0
H_JYW_025.wav,0
H_JYW_026.wav,0
H_JYW_027.wav,0
H_JYW_028.wav,0
H_JYW_029.wav,0
H_JYW_030.wav,0
H_KIH_001.wav,0
H_KIH_002.wav,0
H_KIH_003.wav,0
H_KIH_004.wav,0
H_KIH_005.wav,0
H_KIH_006.wav,0
H_KIH_007.wav,0
H_KIH_008.wav,0
H_KIH_009.wav,0
H_KIH_010.wav,0
H_KIH_011.wav,0
H_KIH_012.wav,0
H_KIH_013.wav,0
H_KIH_014.wav,0
H_KIH_015.wav,0
H_KIH_016.wav,0
H_KIH_017.wav,0
H_KIH_018.wav,0
H_KIH_019.wav,0
H_KIH_020.wav,0
H_KIH_021.wav,0
H_KIH_022.wav,0
H_KIH_023.wav,0
H_KIH_024.wav,0
H_KIH_025.wav,0
H_KIH_026.wav,0
H_KIH_027.wav,0
H_KIH_028.wav,0
H_KIH_029.wav,0
H_KIH_030.wav,0
H_KJS_001.wav,0
H_KJS_002.wav,0
H_KJS_003.wav,0
H_KJS_004.wav,0
H_KJS_005.wav,0
H_KJS_006.wav,0
H_KJS_007.wav,0
H_KJS_008.wav,0
H_KJS_009.wav,0
H_KJS_010.wav,0
H_KJS_011.wav,0
H_KJS_012.wav,0
H_KJS_013.wav,0
H_KJS_014.wav,0
H_KJS_015.wav,0
H_KJS_016.wav,0
H_KJS_017.wav,0
H_KJS_018.wav,0
H_KJS_019.wav,0
H_KJS_020.wav,0
H_KJS_021.wav,0
H_KJS_022.wav,0
H_KJS_023.wav,0
H_KJS_024.wav,0
H_KJS_025.wav,0
H_KJS_026.wav,0
H_KJS_027.wav,0
H_KJS_028.wav,0
H_KJS_029.wav,0
H_KJS_030.wav,0
H_KKI_001.wav,0
H_KKI_002.wav,0
H_KKI_003.wav,0
H_KKI_004.wav,0
H_KKI_005.wav,0
H_KKI_006.wav,0
H_KKI_007.wav,0
H_KKI_008.wav,0
H_KKI_009.wav,0
H_KKI_010.wav,0
H_KKI_011.wav,0
H_KKI_012.wav,0
H_KKI_013.wav,0
H_KKI_014.wav,0
H_KKI_015.wav,0
H_KKI_016.wav,0
H_KKI_017.wav,0
H_KKI_018.wav,0
H_KKI_019.wav,0
H_KKI_020.wav,0
H_KKI_021.wav,0
H_KKI_022.wav,0
H_KKI_023.wav,0
H_KKI_024.wav,0
H_KKI_025.wav,0
H_KKI_026.wav,0
H_KKI_027.wav,0
H_KKI_028.wav,0
H_KKI_029.wav,0
H_KKI_030.wav,0
H_KMA_001.wav,0
H_KMA_002.wav,0
H_KMA_003.wav,0
H_KMA_004.wav,0
H_KMA_005.wav,0
H_KMA_006.wav,0
H_KMA_007.wav,0
H_KMA_008.wav,0
H_KMA_009.wav,0
H_KMA_010.wav,0
H_KMA_011.wav,0
H_KMA_012.wav,0
H_KMA_013.wav,0
H_KMA_014.wav,0
H_KMA_015.wav,0
H_KMA_016.wav,0
H_KMA_017.wav,0
H_KMA_018.wav,0
H_KMA_019.wav,0
H_KMA_020.wav,0
H_KMA_021.wav,0
H_KMA_022.wav,0
H_KMA_023.wav,0
H_KMA_024.wav,0
H_KMA_025.wav,0
H_KMA_026.wav,0
H_KMA_027.wav,0
H_KMA_028.wav,0
H_KMA_029.wav,0
H_KMA_030.wav,0
H_KSH_001.wav,0
H_KSH_002.wav,0
H_KSH_003.wav,0
H_KSH_004.wav,0
H_KSH_005.wav,0
H_KSH_006.wav,0
H_KSH_007.wav,0
H_KSH_008.wav,0
H_KSH_009.wav,0
H_KSH_010.wav,0
H_KSH_011.wav,0
H_KSH_012.wav,0
H_KSH_013.wav,0
H_KSH_014.wav,0
H_KSH_015.wav,0
H_KSH_016.wav,0
H_KSH_017.wav,0
H_KSH_018.wav,0
H_KSH_019.wav,0
H_KSH_020.wav,0
H_KSH_021.wav,0
H_KSH_022.wav,0
H_KSH_023.wav,0
H_KSH_024.wav,0
H_KSH_025.wav,0
H_KSH_026.wav,0
H_KSH_027.wav,0
H_KSH_028.wav,0
H_KSH_029.wav,0
H_KSH_030.wav,0
H_KYK_001.wav,0
H_KYK_002.wav,0
H_KYK_003.wav,0
H_KYK_004.wav,0
H_KYK_005.wav,0
H_KYK_006.wav,0
H_KYK_007.wav,0
H_KYK_008.wav,0
H_KYK_009.wav,0
H_KYK_010.wav,0
H_KYK_011.wav,0
H_KYK_012.wav,0
H_KYK_013.wav,0
H_KYK_014.wav,0
H_KYK_015.wav,0
H_KYK_016.wav,0
H_KYK_017.wav,0
H_KYK_018.wav,0
H_KYK_019.wav,0
H_KYK_020.wav,0
H_KYK_021.wav,0
H_KYK_022.wav,0
H_KYK_023.wav,0
H_KYK_024.wav,0
H_KYK_025.wav,0
H_KYK_026.wav,0
H_KYK_027.wav,0
H_KYK_028.wav,0
H_KYK_029.wav,0
H_KYK_030.wav,0
H_LHJ_001.wav,0
H_LHJ_002.wav,0
H_LHJ_003.wav,0
H_LHJ_004.wav,0
H_LHJ_005.wav,0
H_LHJ_006.wav,0
H_LHJ_007.wav,0
H_LHJ_008.wav,0
H_LHJ_009.wav,0
H_LHJ_010.wav,0
H_LHJ_011.wav,0
H_LHJ_012.wav,0
H_LHJ_013.wav,0
H_LHJ_014.wav,0
H_LHJ_015.wav,0
H_LHJ_016.wav,0
H_LHJ_017.wav,0
H_LHJ_018.wav,0
H_LHJ_019.wav,0
H_LHJ_020.wav,0
H_LHJ_021.wav,0
H_LHJ_022.wav,0
H_LHJ_023.wav,0
H_LHJ_024.wav,0
H_LHJ_025.wav,0
H_LHJ_026.wav,0
H_LHJ_027.wav,0
H_LHJ_028.wav,0
H_LHJ_029.wav,0
H_LHJ_030.wav,0
H_LJA_001.wav,0
H_LJA_002.wav,0
H_LJA_003.wav,0
H_LJA_004.wav,0
H_LJA_005.wav,0
H_LJA_006.wav,0
H_LJA_007.wav,0
H_LJA_008.wav,0
H_LJA_009.wav,0
H_LJA_010.wav,0
H_LJA_011.wav,0
H_LJA_012.wav,0
H_LJA_013.wav,0
H_LJA_014.wav,0
H_LJA_015.wav,0
H_LJA_016.wav,0
H_LJA_017.wav,0
H_LJA_018.wav,0
H_LJA_019.wav,0
H_LJA_020.wav,0
H_LJA_021.wav,0
H_LJA_022.wav,0
H_LJA_023.wav,0
H_LJA_024.wav,0
H_LJA_025.wav,0
H_LJA_026.wav,0
H_LJA_027.wav,0
H_LJA_028.wav,0
H_LJA_029.wav,0
H_LJA_030.wav,0
H_LJB_001.wav,0
H_LJB_002.wav,0
H_LJB_003.wav,0
H_LJB_004.wav,0
H_LJB_005.wav,0
H_LJB_006.wav,0
H_LJB_007.wav,0
H_LJB_008.wav,0
H_LJB_009.wav,0
H_LJB_010.wav,0
H_LJB_011.wav,0
H_LJB_012.wav,0
H_LJB_013.wav,0
H_LJB_014.wav,0
H_LJB_015.wav,0
H_LJB_016.wav,0
H_LJB_017.wav,0
H_LJB_018.wav,0
H_LJB_019.wav,0
H_LJB_020.wav,0
H_LJB_021.wav,0
H_LJB_022.wav,0
H_LJB_023.wav,0
H_LJB_024.wav,0
H_LJB_025.wav,0
H_LJB_026.wav,0
H_LJB_027.wav,0
H_LJB_028.wav,0
H_LJB_029.wav,0
H_LJB_030.wav,0
H_LSY_001.wav,0
H_LSY_002.wav,0
H_LSY_003.wav,0
H_LSY_004.wav,0
H_LSY_005.wav,0
H_LSY_006.wav,0
H_LSY_007.wav,0
H_LSY_008.wav,0
H_LSY_009.wav,0
H_LSY_010.wav,0
H_LSY_011.wav,0
H_LSY_012.wav,0
H_LSY_013.wav,0
H_LSY_014.wav,0
H_LSY_015.wav,0
H_LSY_016.wav,0
H_LSY_017.wav,0
H_LSY_018.wav,0
H_LSY_019.wav,0
H_LSY_020.wav,0
H_LSY_021.wav,0
H_LSY_022.wav,0
H_LSY_023.wav,0
H_LSY_024.wav,0
H_LSY_025.wav,0
H_LSY_026.wav,0
H_LSY_027.wav,0
H_LSY_028.wav,0
H_LSY_029.wav,0
H_LSY_030.wav,0
H_LYT_001.wav,0
H_LYT_002.wav,0
H_LYT_003.wav,0
H_LYT_004.wav,0
H_LYT_005.wav,0
H_LYT_006.wav,0
H_LYT_007.wav,0
H_LYT_008.wav,0
H_LYT_009.wav,0
H_LYT_010.wav,0
H_LYT_011.wav,0
H_LYT_012.wav,0
H_LYT_013.wav,0
H_LYT_014.wav,0
H_LYT_015.wav,0
H_LYT_016.wav,0
H_LYT_017.wav,0
H_LYT_018.wav,0
H_LYT_019.wav,0
H_LYT_020.wav,0
H_LYT_021.wav,0
H_LYT_022.wav,0
H_LYT_023.wav,0
H_LYT_024.wav,0
H_LYT_025.wav,0
H_LYT_026.wav,0
H_LYT_027.wav,0
H_LYT_028.wav,0
H_LYT_029.wav,0
H_LYT_030.wav,0
H_OES_001.wav,0
H_OES_002.wav,0
H_OES_003.wav,0
H_OES_004.wav,0
H_OES_005.wav,0
H_OES_006.wav,0
H_OES_007.wav,0
H_OES_008.wav,0
H_OES_009.wav,0
H_OES_010.wav,0
H_OES_011.wav,0
H_OES_012.wav,0
H_OES_013.wav,0
H_OES_014.wav,0
H_OES_015.wav,0
H_OES_016.wav,0
H_OES_017.wav,0
H_OES_018.wav,0
H_OES_019.wav,0
H_OES_020.wav,0
H_OES_021.wav,0
H_OES_022.wav,0
H_OES_023.wav,0
H_OES_024.wav,0
H_OES_025.wav,0
H_OES_026.wav,0
H_OES_027.wav,0
H_OES_028.wav,0
H_OES_029.wav,0
H_OES_030.wav,0
H_PGJ_001.wav,0
H_PGJ_002.wav,0
H_PGJ_003.wav,0
H_PGJ_004.wav,0
H_PGJ_005.wav,0
H_PGJ_006.wav,0
H_PGJ_007.wav,0
H_PGJ_008.wav,0
H_PGJ_009.wav,0
H_PGJ_010.wav,0
H_PGJ_011.wav,0
H_PGJ_012.wav,0
H_PGJ_013.wav,0
H_PGJ_014.wav,0
H_PGJ_015.wav,0
H_PGJ_016.wav,0
H_PGJ_017.wav,0
H_PGJ_018.wav,0
H_PGJ_019.wav,0
H_PGJ_020.wav,0
H_PGJ_021.wav,0
H_PGJ_022.wav,0
H_PGJ_023.wav,0
H_PGJ_024.wav,0
H_PGJ_025.wav,0
H_PGJ_026.wav,0
H_PGJ_027.wav,0
H_PGJ_028.wav,0
H_PGJ_029.wav,0
H_PGJ_030.wav,0
H_PSB_001.wav,0
H_PSB_002.wav,0
H_PSB_003.wav,0
H_PSB_004.wav,0
H_PSB_005.wav,0
H_PSB_006.wav,0
H_PSB_007.wav,0
H_PSB_008.wav,0
H_PSB_009.wav,0
H_PSB_010.wav,0
H_PSB_011.wav,0
H_PSB_012.wav,0
H_PSB_013.wav,0
H_PSB_014.wav,0
H_PSB_015.wav,0
H_PSB_016.wav,0
H_PSB_017.wav,0
H_PSB_018.wav,0
H_PSB_019.wav,0
H_PSB_020.wav,0
H_PSB_021.wav,0
H_PSB_022.wav,0
H_PSB_023.wav,0
H_PSB_024.wav,0
H_PSB_025.wav,0
H_PSB_026.wav,0
H_PSB_027.wav,0
H_PSB_028.wav,0
H_PSB_029.wav,0
H_PSB_030.wav,0
H_PSM_001.wav,0
H_PSM_002.wav,0
H_PSM_003.wav,0
H_PSM_004.wav,0
H_PSM_005.wav,0
H_PSM_006.wav,0
H_PSM_007.wav,0
H_PSM_008.wav,0
H_PSM_009.wav,0
H_PSM_010.wav,0
H_PSM_011.wav,0
H_PSM_012.wav,0
H_PSM_013.wav,0
H_PSM_014.wav,0
H_PSM_015.wav,0
H_PSM_016.wav,0
H_PSM_017.wav,0
H_PSM_018.wav,0
H_PSM_019.wav,0
H_PSM_020.wav,0
H_PSM_021.wav,0
H_PSM_022.wav,0
H_PSM_023.wav,0
H_PSM_024.wav,0
H_PSM_025.wav,0
H_PSM_026.wav,0
H_PSM_027.wav,0
H_PSM_028.wav,0
H_PSM_029.wav,0
H_PSM_030.wav,0
H_SDH_001.wav,0
H_SDH_002.wav,0
H_SDH_003.wav,0
H_SDH_004.wav,0
H_SDH_005.wav,0
H_SDH_006.wav,0
H_SDH_007.wav,0
H_SDH_008.wav,0
H_SDH_009.wav,0
H_SDH_010.wav,0
H_SDH_011.wav,0
H_SDH_012.wav,0
H_SDH_013.wav,0
H_SDH_014.wav,0
H_SDH_015.wav,0
H_SDH_016.wav,0
H_SDH_017.wav,0
H_SDH_018.wav,0
H_SDH_019.wav,0
H_SDH_020.wav,0
H_SDH_021.wav,0
H_SDH_022.wav,0
H_SDH_023.wav,0
H_SDH_024.wav,0
H_SDH_025.wav,0
H_SDH_026.wav,0
H_SDH_027.wav,0
H_SDH_028.wav,0
H_SDH_029.wav,0
H_SDH_030.wav,0
H_SHR_001.wav,0
H_SHR_002.wav,0
H_SHR_003.wav,0
H_SHR_004.wav,0
H_SHR_005.wav,0
H_SHR_006.wav,0
H_SHR_007.wav,0
H_SHR_008.wav,0
H_SHR_009.wav,0
H_SHR_010.wav,0
H_SHR_011.wav,0
H_SHR_012.wav,0
H_SHR_013.wav,0
H_SHR_014.wav,0
H_SHR_015.wav,0
H_SHR_016.wav,0
H_SHR_017.wav,0
H_SHR_018.wav,0
H_SHR_019.wav,0
H_SHR_020.wav,0
H_SHR_021.wav,0
H_SHR_022.wav,0
H_SHR_023.wav,0
H_SHR_024.wav,0
H_SHR_025.wav,0
H_SHR_026.wav,0
H_SHR_027.wav,0
H_SHR_028.wav,0
H_SHR_029.wav,0
H_SHR_030.wav,0
H_SJH_001.wav,0
H_SJH_002.wav,0
H_SJH_003.wav,0
H_SJH_004.wav,0
H_SJH_005.wav,0
H_SJH_006.wav,0
H_SJH_007.wav,0
H_SJH_008.wav,0
H_SJH_009.wav,0
H_SJH_010.wav,0
H_SJH_011.wav,0
H_SJH_012.wav,0
H_SJH_013.wav,0
H_SJH_014.wav,0
H_SJH_015.wav,0
H_SJH_016.wav,0
H_SJH_017.wav,0
H_SJH_018.wav,0
H_SJH_019.wav,0
H_SJH_020.wav,0
H_SJH_021.wav,0
H_SJH_022.wav,0
H_SJH_023.wav,0
H_SJH_024.wav,0
H_SJH_025.wav,0
H_SJH_026.wav,0
H_SJH_027.wav,0
H_SJH_028.wav,0
H_SJH_029.wav,0
H_SJH_030.wav,0
H_YSH_001.wav,0
H_YSH_002.wav,0
H_YSH_003.wav,0
H_YSH_004.wav,0
H_YSH_005.wav,0
H_YSH_006.wav,0
H_YSH_007.wav,0
H_YSH_008.wav,0
H_YSH_009.wav,0
H_YSH_010.wav,0
H_YSH_011.wav,0
H_YSH_012.wav,0
H_YSH_013.wav,0
H_YSH_014.wav,0
H_YSH_015.wav,0
H_YSH_016.wav,0
H_YSH_017.wav,0
H_YSH_018.wav,0
H_YSH_019.wav,0
H_YSH_020.wav,0
H_YSH_021.wav,0
H_YSH_022.wav,0
H_YSH_023.wav,0
H_YSH_024.wav,0
H_YSH_025.wav,0
H_YSH_026.wav,0
H_YSH_027.wav,0
H_YSH_028.wav,0
H_YSH_029.wav,0
H_YSH_030.wav,0
N_ASH_001.wav,4
N_ASH_002.wav,4
N_ASH_003.wav,4
N_ASH_004.wav,4
N_ASH_005.wav,4
N_ASH_006.wav,4
N_ASH_007.wav,4
N_ASH_008.wav,4
N_ASH_009.wav,4
N_ASH_010.wav,4
N_ASH_011.wav,4
N_ASH_012.wav,4
N_ASH_013.wav,4
N_ASH_014.wav,4
N_ASH_015.wav,4
N_ASH_016.wav,4
N_ASH_017.wav,4
N_ASH_018.wav,4
N_ASH_019.wav,4
N_ASH_020.wav,4
N_ASH_021.wav,4
N_ASH_022.wav,4
N_ASH_023.wav,4
N_ASH_024.wav,4
N_ASH_025.wav,4
N_ASH_026.wav,4
N_ASH_027.wav,4
N_ASH_028.wav,4
N_ASH_029.wav,4
N_ASH_030.wav,4
N_BJS_001.wav,4
N_BJS_002.wav,4
N_BJS_003.wav,4
N_BJS_004.wav,4
N_BJS_005.wav,4
N_BJS_006.wav,4
N_BJS_007.wav,4
N_BJS_008.wav,4
N_BJS_009.wav,4
N_BJS_010.wav,4
N_BJS_011.wav,4
N_BJS_012.wav,4
N_BJS_013.wav,4
N_BJS_014.wav,4
N_BJS_015.wav,4
N_BJS_016.wav,4
N_BJS_017.wav,4
N_BJS_018.wav,4
N_BJS_019.wav,4
N_BJS_020.wav,4
N_BJS_021.wav,4
N_BJS_022.wav,4
N_BJS_023.wav,4
N_BJS_024.wav,4
N_BJS_025.wav,4
N_BJS_026.wav,4
N_BJS_027.wav,4
N_BJS_028.wav,4
N_BJS_029.wav,4
N_BJS_030.wav,4
N_CHY_001.wav,4
N_CHY_002.wav,4
N_CHY_003.wav,4
N_CHY_004.wav,4
N_CHY_005.wav,4
N_CHY_006.wav,4
N_CHY_007.wav,4
N_CHY_008.wav,4
N_CHY_009.wav,4
N_CHY_010.wav,4
N_CHY_011.wav,4
N_CHY_012.wav,4
N_CHY_013.wav,4
N_CHY_014.wav,4
N_CHY_015.wav,4
N_CHY_016.wav,4
N_CHY_017.wav,4
N_CHY_018.wav,4
N_CHY_019.wav,4
N_CHY_020.wav,4
N_CHY_021.wav,4
N_CHY_022.wav,4
N_CHY_023.wav,4
N_CHY_024.wav,4
N_CHY_025.wav,4
N_CHY_026.wav,4
N_CHY_027.wav,4
N_CHY_028.wav,4
N_CHY_029.wav,4
N_CHY_030.wav,4
N_CST_001.wav,4
N_CST_002.wav,4
N_CST_003.wav,4
N_CST_004.wav,4
N_CST_005.wav,4
N_CST_006.wav,4
N_CST_007.wav,4
N_CST_008.wav,4
N_CST_009.wav,4
N_CST_010.wav,4
N_CST_011.wav,4
N_CST_012.wav,4
N_CST_013.wav,4
N_CST_014.wav,4
N_CST_015.wav,4
N_CST_016.wav,4
N_CST_017.wav,4
N_CST_018.wav,4
N_CST_019.wav,4
N_CST_020.wav,4
N_CST_021.wav,4
N_CST_022.wav,4
N_CST_023.wav,4
N_CST_024.wav,4
N_CST_025.wav,4
N_CST_026.wav,4
N_CST_027.wav,4
N_CST_028.wav,4
N_CST_029.wav,4
N_CST_030.wav,4
N_GJY_001.wav,4
N_GJY_002.wav,4
N_GJY_003.wav,4
N_GJY_004.wav,4
N_GJY_005.wav,4
N_GJY_006.wav,4
N_GJY_007.wav,4
N_GJY_008.wav,4
N_GJY_009.wav,4
N_GJY_010.wav,4
N_GJY_011.wav,4
N_GJY_012.wav,4
N_GJY_013.wav,4
N_GJY_014.wav,4
N_GJY_015.wav,4
N_GJY_016.wav,4
N_GJY_017.wav,4
N_GJY_018.wav,4
N_GJY_019.wav,4
N_GJY_020.wav,4
N_GJY_021.wav,4
N_GJY_022.wav,4
N_GJY_023.wav,4
N_GJY_024.wav,4
N_GJY_025.wav,4
N_GJY_026.wav,4
N_GJY_027.wav,4
N_GJY_028.wav,4
N_GJY_029.wav,4
N_GJY_030.wav,4
N_GTE_001.wav,4
N_GTE_002.wav,4
N_GTE_003.wav,4
N_GTE_004.wav,4
N_GTE_005.wav,4
N_GTE_006.wav,4
N_GTE_007.wav,4
N_GTE_008.wav,4
N_GTE_009.wav,4
N_GTE_010.wav,4
N_GTE_011.wav,4
N_GTE_012.wav,4
N_GTE_013.wav,4
N_GTE_014.wav,4
N_GTE_015.wav,4
N_GTE_016.wav,4
N_GTE_017.wav,4
N_GTE_018.wav,4
N_GTE_019.wav,4
N_GTE_020.wav,4
N_GTE_021.wav,4
N_GTE_022.wav,4
N_GTE_023.wav,4
N_GTE_024.wav,4
N_GTE_025.wav,4
N_GTE_026.wav,4
N_GTE_027.wav,4
N_GTE_028.wav,4
N_GTE_029.wav,4
N_GTE_030.wav,4
N_HGW_001.wav,4
N_HGW_002.wav,4
N_HGW_003.wav,4
N_HGW_004.wav,4
N_HGW_005.wav,4
N_HGW_006.wav,4
N_HGW_007.wav,4
N_HGW_008.wav,4
N_HGW_009.wav,4
N_HGW_010.wav,4
N_HGW_011.wav,4
N_HGW_012.wav,4
N_HGW_013.wav,4
N_HGW_014.wav,4
N_HGW_015.wav,4
N_HGW_016.wav,4
N_HGW_017.wav,4
N_HGW_018.wav,4
N_HGW_019.wav,4
N_HGW_020.wav,4
N_HGW_021.wav,4
N_HGW_022.wav,4
N_HGW_023.wav,4
N_HGW_024.wav,4
N_HGW_025.wav,4
N_HGW_026.wav,4
N_HGW_027.wav,4
N_HGW_028.wav,4
N_HGW_029.wav,4
N_HGW_030.wav,4
N_JBR_001.wav,4
N_JBR_002.wav,4
N_JBR_003.wav,4
N_JBR_004.wav,4
N_JBR_005.wav,4
N_JBR_006.wav,4
N_JBR_007.wav,4
N_JBR_008.wav,4
N_JBR_009.wav,4
N_JBR_010.wav,4
N_JBR_011.wav,4
N_JBR_012.wav,4
N_JBR_013.wav,4
N_JBR_014.wav,4
N_JBR_015.wav,4
N_JBR_016.wav,4
N_JBR_017.wav,4
N_JBR_018.wav,4
N_JBR_019.wav,4
N_JBR_020.wav,4
N_JBR_021.wav,4
N_JBR_022.wav,4
N_JBR_023.wav,4
N_JBR_024.wav,4
N_JBR_025.wav,4
N_JBR_026.wav,4
N_JBR_027.wav,4
N_JBR_028.wav,4
N_JBR_029.wav,4
N_JBR_030.wav,4
N_JCH_001.wav,4
N_JCH_002.wav,4
N_JCH_003.wav,4
N_JCH_004.wav,4
N_JCH_005.wav,4
N_JCH_006.wav,4
N_JCH_007.wav,4
N_JCH_008.wav,4
N_JCH_009.wav,4
N_JCH_010.wav,4
N_JCH_011.wav,4
N_JCH_012.wav,4
N_JCH_013.wav,4
N_JCH_014.wav,4
N_JCH_015.wav,4
N_JCH_016.wav,4
N_JCH_017.wav,4
N_JCH_018.wav,4
N_JCH_019.wav,4
N_JCH_020.wav,4
N_JCH_021.wav,4
N_JCH_022.wav,4
N_JCH_023.wav,4
N_JCH_024.wav,4
N_JCH_025.wav,4
N_JCH_026.wav,4
N_JCH_027.wav,4
N_JCH_028.wav,4
N_JCH_029.wav,4
N_JCH_030.wav,4
N_JSH_001.wav,4
N_JSH_002.wav,4
N_JSH_003.wav,4
N_JSH_004.wav,4
N_JSH_005.wav,4
N_JSH_006.wav,4
N_JSH_007.wav,4
N_JSH_008.wav,4
N_JSH_009.wav,4
N_JSH_010.wav,4
N_JSH_011.wav,4
N_JSH_012.wav,4
N_JSH_013.wav,4
N_JSH_014.wav,4
N_JSH_015.wav,4
N_JSH_016.wav,4
N_JSH_017.wav,4
N_JSH_018.wav,4
N_JSH_019.wav,4
N_JSH_020.wav,4
N_JSH_021.wav,4
N_JSH_022.wav,4
N_JSH_023.wav,4
N_JSH_024.wav,4
N_JSH_025.wav,4
N_JSH_026.wav,4
N_JSH_027.wav,4
N_JSH_028.wav,4
N_JSH_029.wav,4
N_JSH_030.wav,4
N_JSY_001.wav,4
N_JSY_002.wav,4
N_JSY_003.wav,4
N_JSY_004.wav,4
N_JSY_005.wav,4
N_JSY_006.wav,4
N_JSY_007.wav,4
N_JSY_008.wav,4
N_JSY_009.wav,4
N_JSY_010.wav,4
N_JSY_011.wav,4
N_JSY_012.wav,4
N_JSY_013.wav,4
N_JSY_014.wav,4
N_JSY_015.wav,4
N_JSY_016.wav,4
N_JSY_017.wav,4
N_JSY_018.wav,4
N_JSY_019.wav,4
N_JSY_020.wav,4
N_JSY_021.wav,4
N_JSY_022.wav,4
N_JSY_023.wav,4
N_JSY_024.wav,4
N_JSY_025.wav,4
N_JSY_026.wav,4
N_JSY_027.wav,4
N_JSY_028.wav,4
N_JSY_029.wav,4
N_JSY_030.wav,4
N_JYC_001.wav,4
N_JYC_002.wav,4
N_JYC_003.wav,4
N_JYC_004.wav,4
N_JYC_005.wav,4
N_JYC_006.wav,4
N_JYC_007.wav,4
N_JYC_008.wav,4
N_JYC_009.wav,4
N_JYC_010.wav,4
N_JYC_011.wav,4
N_JYC_012.wav,4
N_JYC_013.wav,4
N_JYC_014.wav,4
N_JYC_015.wav,4
N_JYC_016.wav,4
N_JYC_017.wav,4
N_JYC_018.wav,4
N_JYC_019.wav,4
N_JYC_020.wav,4
N_JYC_021.wav,4
N_JYC_022.wav,4
N_JYC_023.wav,4
N_JYC_024.wav,4
N_JYC_025.wav,4
N_JYC_026.wav,4
N_JYC_027.wav,4
N_JYC_028.wav,4
N_JYC_029.wav,4
N_JYC_030.wav,4
N_KDD_001.wav,4
N_KDD_002.wav,4
N_KDD_003.wav,4
N_KDD_004.wav,4
N_KDD_005.wav,4
N_KDD_006.wav,4
N_KDD_007.wav,4
N_KDD_008.wav,4
N_KDD_009.wav,4
N_KDD_010.wav,4
N_KDD_011.wav,4
N_KDD_012.wav,4
N_KDD_013.wav,4
N_KDD_014.wav,4
N_KDD_015.wav,4
N_KDD_016.wav,4
N_KDD_017.wav,4
N_KDD_018.wav,4
N_KDD_019.wav,4
N_KDD_020.wav,4
N_KDD_021.wav,4
N_KDD_022.wav,4
N_KDD_023.wav,4
N_KDD_024.wav,4
N_KDD_025.wav,4
N_KDD_026.wav,4
N_KDD_027.wav,4
N_KDD_028.wav,4
N_KDD_029.wav,4
N_KDD_030.wav,4
N_KIH_001.wav,4
N_KIH_002.wav,4
N_KIH_003.wav,4
N_KIH_004.wav,4
N_KIH_005.wav,4
N_KIH_006.wav,4
N_KIH_007.wav,4
N_KIH_008.wav,4
N_KIH_009.wav,4
N_KIH_010.wav,4
N_KIH_011.wav,4
N_KIH_012.wav,4
N_KIH_013.wav,4
N_KIH_014.wav,4
N_KIH_015.wav,4
N_KIH_016.wav,4
N_KIH_017.wav,4
N_KIH_018.wav,4
N_KIH_019.wav,4
N_KIH_020.wav,4
N_KIH_021.wav,4
N_KIH_022.wav,4
N_KIH_023.wav,4
N_KIH_024.wav,4
N_KIH_025.wav,4
N_KIH_026.wav,4
N_KIH_027.wav,4
N_KIH_028.wav,4
N_KIH_029.wav,4
N_KIH_030.wav,4
N_KKI_001.wav,4
N_KKI_002.wav,4
N_KKI_003.wav,4
N_KKI_004.wav,4
N_KKI_005.wav,4
N_KKI_006.wav,4
N_KKI_007.wav,4
N_KKI_008.wav,4
N_KKI_009.wav,4
N_KKI_010.wav,4
N_KKI_011.wav,4
N_KKI_012.wav,4
N_KKI_013.wav,4
N_KKI_014.wav,4
N_KKI_015.wav,4
N_KKI_016.wav,4
N_KKI_017.wav,4
N_KKI_018.wav,4
N_KKI_019.wav,4
N_KKI_020.wav,4
N_KKI_021.wav,4
N_KKI_022.wav,4
N_KKI_023.wav,4
N_KKI_024.wav,4
N_KKI_025.wav,4
N_KKI_026.wav,4
N_KKI_027.wav,4
N_KKI_028.wav,4
N_KKI_029.wav,4
N_KKI_030.wav,4
N_KMA_001.wav,4
N_KMA_002.wav,4
N_KMA_003.wav,4
N_KMA_004.wav,4
N_KMA_005.wav,4
N_KMA_006.wav,4
N_KMA_007.wav,4
N_KMA_008.wav,4
N_KMA_009.wav,4
N_KMA_010.wav,4
N_KMA_011.wav,4
N_KMA_012.wav,4
N_KMA_013.wav,4
N_KMA_014.wav,4
N_KMA_015.wav,4
N_KMA_016.wav,4
N_KMA_017.wav,4
N_KMA_018.wav,4
N_KMA_019.wav,4
N_KMA_020.wav,4
N_KMA_021.wav,4
N_KMA_022.wav,4
N_KMA_023.wav,4
N_KMA_024.wav,4
N_KMA_025.wav,4
N_KMA_026.wav,4
N_KMA_027.wav,4
N_KMA_028.wav,4
N_KMA_029.wav,4
N_KMA_030.wav,4
N_KSH_001.wav,4
N_KSH_002.wav,4
N_KSH_003.wav,4
N_KSH_004.wav,4
N_KSH_005.wav,4
N_KSH_006.wav,4
N_KSH_007.wav,4
N_KSH_008.wav,4
N_KSH_009.wav,4
N_KSH_010.wav,4
N_KSH_011.wav,4
N_KSH_012.wav,4
N_KSH_013.wav,4
N_KSH_014.wav,4
N_KSH_015.wav,4
N_KSH_016.wav,4
N_KSH_017.wav,4
N_KSH_018.wav,4
N_KSH_019.wav,4
N_KSH_020.wav,4
N_KSH_021.wav,4
N_KSH_022.wav,4
N_KSH_023.wav,4
N_KSH_024.wav,4
N_KSH_025.wav,4
N_KSH_026.wav,4
N_KSH_027.wav,4
N_KSH_028.wav,4
N_KSH_029.wav,4
N_KSH_030.wav,4
N_KYK_001.wav,4
N_KYK_002.wav,4
N_KYK_003.wav,4
N_KYK_004.wav,4
N_KYK_005.wav,4
N_KYK_006.wav,4
N_KYK_007.wav,4
N_KYK_008.wav,4
N_KYK_009.wav,4
N_KYK_010.wav,4
N_KYK_011.wav,4
N_KYK_012.wav,4
N_KYK_013.wav,4
N_KYK_014.wav,4
N_KYK_015.wav,4
N_KYK_016.wav,4
N_KYK_017.wav,4
N_KYK_018.wav,4
N_KYK_019.wav,4
N_KYK_020.wav,4
N_KYK_021.wav,4
N_KYK_022.wav,4
N_KYK_023.wav,4
N_KYK_024.wav,4
N_KYK_025.wav,4
N_KYK_026.wav,4
N_KYK_027.wav,4
N_KYK_028.wav,4
N_KYK_029.wav,4
N_KYK_030.wav,4
N_LHJ_001.wav,4
N_LHJ_002.wav,4
N_LHJ_003.wav,4
N_LHJ_004.wav,4
N_LHJ_005.wav,4
N_LHJ_006.wav,4
N_LHJ_007.wav,4
N_LHJ_008.wav,4
N_LHJ_009.wav,4
N_LHJ_010.wav,4
N_LHJ_011.wav,4
N_LHJ_012.wav,4
N_LHJ_013.wav,4
N_LHJ_014.wav,4
N_LHJ_015.wav,4
N_LHJ_016.wav,4
N_LHJ_017.wav,4
N_LHJ_018.wav,4
N_LHJ_019.wav,4
N_LHJ_020.wav,4
N_LHJ_021.wav,4
N_LHJ_022.wav,4
N_LHJ_023.wav,4
N_LHJ_024.wav,4
N_LHJ_025.wav,4
N_LHJ_026.wav,4
N_LHJ_027.wav,4
N_LHJ_028.wav,4
N_LHJ_029.wav,4
N_LHJ_030.wav,4
N_LJA_001.wav,4
N_LJA_002.wav,4
N_LJA_003.wav,4
N_LJA_004.wav,4
N_LJA_005.wav,4
N_LJA_006.wav,4
N_LJA_007.wav,4
N_LJA_008.wav,4
N_LJA_009.wav,4
N_LJA_010.wav,4
N_LJA_011.wav,4
N_LJA_012.wav,4
N_LJA_013.wav,4
N_LJA_014.wav,4
N_LJA_015.wav,4
N_LJA_016.wav,4
N_LJA_017.wav,4
N_LJA_018.wav,4
N_LJA_019.wav,4
N_LJA_020.wav,4
N_LJA_021.wav,4
N_LJA_022.wav,4
N_LJA_023.wav,4
N_LJA_024.wav,4
N_LJA_025.wav,4
N_LJA_026.wav,4
N_LJA_027.wav,4
N_LJA_028.wav,4
N_LJA_029.wav,4
N_LJA_030.wav,4
N_LJB_001.wav,4
N_LJB_002.wav,4
N_LJB_003.wav,4
N_LJB_004.wav,4
N_LJB_005.wav,4
N_LJB_006.wav,4
N_LJB_007.wav,4
N_LJB_008.wav,4
N_LJB_009.wav,4
N_LJB_010.wav,4
N_LJB_011.wav,4
N_LJB_012.wav,4
N_LJB_013.wav,4
N_LJB_014.wav,4
N_LJB_015.wav,4
N_LJB_016.wav,4
N_LJB_017.wav,4
N_LJB_018.wav,4
N_LJB_019.wav,4
N_LJB_020.wav,4
N_LJB_021.wav,4
N_LJB_022.wav,4
N_LJB_023.wav,4
N_LJB_024.wav,4
N_LJB_025.wav,4
N_LJB_026.wav,4
N_LJB_027.wav,4
N_LJB_028.wav,4
N_LJB_029.wav,4
N_LJB_030.wav,4
N_LJH_001.wav,4
N_LJH_002.wav,4
N_LJH_003.wav,4
N_LJH_004.wav,4
N_LJH_005.wav,4
N_LJH_006.wav,4
N_LJH_007.wav,4
N_LJH_008.wav,4
N_LJH_009.wav,4
N_LJH_010.wav,4
N_LJH_011.wav,4
N_LJH_012.wav,4
N_LJH_013.wav,4
N_LJH_014.wav,4
N_LJH_015.wav,4
N_LJH_016.wav,4
N_LJH_017.wav,4
N_LJH_018.wav,4
N_LJH_019.wav,4
N_LJH_020.wav,4
N_LJH_021.wav,4
N_LJH_022.wav,4
N_LJH_023.wav,4
N_LJH_024.wav,4
N_LJH_025.wav,4
N_LJH_026.wav,4
N_LJH_027.wav,4
N_LJH_028.wav,4
N_LJH_029.wav,4
N_LJH_030.wav,4
N_LSY_001.wav,4
N_LSY_002.wav,4
N_LSY_003.wav,4
N_LSY_004.wav,4
N_LSY_005.wav,4
N_LSY_006.wav,4
N_LSY_007.wav,4
N_LSY_008.wav,4
N_LSY_009.wav,4
N_LSY_010.wav,4
N_LSY_011.wav,4
N_LSY_012.wav,4
N_LSY_013.wav,4
N_LSY_014.wav,4
N_LSY_015.wav,4
N_LSY_016.wav,4
N_LSY_017.wav,4
N_LSY_018.wav,4
N_LSY_019.wav,4
N_LSY_020.wav,4
N_LSY_021.wav,4
N_LSY_022.wav,4
N_LSY_023.wav,4
N_LSY_024.wav,4
N_LSY_025.wav,4
N_LSY_026.wav,4
N_LSY_027.wav,4
N_LSY_028.wav,4
N_LSY_029.wav,4
N_LSY_030.wav,4
N_LYT_001.wav,4
N_LYT_002.wav,4
N_LYT_003.wav,4
N_LYT_004.wav,4
N_LYT_005.wav,4
N_LYT_006.wav,4
N_LYT_007.wav,4
N_LYT_008.wav,4
N_LYT_009.wav,4
N_LYT_010.wav,4
N_LYT_011.wav,4
N_LYT_012.wav,4
N_LYT_013.wav,4
N_LYT_014.wav,4
N_LYT_015.wav,4
N_LYT_016.wav,4
N_LYT_017.wav,4
N_LYT_018.wav,4
N_LYT_019.wav,4
N_LYT_020.wav,4
N_LYT_021.wav,4
N_LYT_022.wav,4
N_LYT_023.wav,4
N_LYT_024.wav,4
N_LYT_025.wav,4
N_LYT_026.wav,4
N_LYT_027.wav,4
N_LYT_028.wav,4
N_LYT_029.wav,4
N_LYT_030.wav,4
N_OES_001.wav,4
N_OES_002.wav,4
N_OES_003.wav,4
N_OES_004.wav,4
N_OES_005.wav,4
N_OES_006.wav,4
N_OES_007.wav,4
N_OES_008.wav,4
N_OES_009.wav,4
N_OES_010.wav,4
N_OES_011.wav,4
N_OES_012.wav,4
N_OES_013.wav,4
N_OES_014.wav,4
N_OES_015.wav,4
N_OES_016.wav,4
N_OES_017.wav,4
N_OES_018.wav,4
N_OES_019.wav,4
N_OES_020.wav,4
N_OES_021.wav,4
N_OES_022.wav,4
N_OES_023.wav,4
N_OES_024.wav,4
N_OES_025.wav,4
N_OES_026.wav,4
N_OES_027.wav,4
N_OES_028.wav,4
N_OES_029.wav,4
N_OES_030.wav,4
N_PGJ_001.wav,4
N_PGJ_002.wav,4
N_PGJ_003.wav,4
N_PGJ_004.wav,4
N_PGJ_005.wav,4
N_PGJ_006.wav,4
N_PGJ_007.wav,4
N_PGJ_008.wav,4
N_PGJ_009.wav,4
N_PGJ_010.wav,4
N_PGJ_011.wav,4
N_PGJ_012.wav,4
N_PGJ_013.wav,4
N_PGJ_014.wav,4
N_PGJ_015.wav,4
N_PGJ_016.wav,4
N_PGJ_017.wav,4
N_PGJ_018.wav,4
N_PGJ_019.wav,4
N_PGJ_020.wav,4
N_PGJ_021.wav,4
N_PGJ_022.wav,4
N_PGJ_023.wav,4
N_PGJ_024.wav,4
N_PGJ_025.wav,4
N_PGJ_026.wav,4
N_PGJ_027.wav,4
N_PGJ_028.wav,4
N_PGJ_029.wav,4
N_PGJ_030.wav,4
N_PSM_001.wav,4
N_PSM_002.wav,4
N_PSM_003.wav,4
N_PSM_004.wav,4
N_PSM_005.wav,4
N_PSM_006.wav,4
N_PSM_007.wav,4
N_PSM_008.wav,4
N_PSM_009.wav,4
N_PSM_010.wav,4
N_PSM_011.wav,4
N_PSM_012.wav,4
N_PSM_013.wav,4
N_PSM_014.wav,4
N_PSM_015.wav,4
N_PSM_016.wav,4
N_PSM_017.wav,4
N_PSM_018.wav,4
N_PSM_019.wav,4
N_PSM_020.wav,4
N_PSM_021.wav,4
N_PSM_022.wav,4
N_PSM_023.wav,4
N_PSM_024.wav,4
N_PSM_025.wav,4
N_PSM_026.wav,4
N_PSM_027.wav,4
N_PSM_028.wav,4
N_PSM_029.wav,4
N_PSM_030.wav,4
N_SHR_001.wav,4
N_SHR_002.wav,4
N_SHR_003.wav,4
N_SHR_004.wav,4
N_SHR_005.wav,4
N_SHR_006.wav,4
N_SHR_007.wav,4
N_SHR_008.wav,4
N_SHR_009.wav,4
N_SHR_010.wav,4
N_SHR_011.wav,4
N_SHR_012.wav,4
N_SHR_013.wav,4
N_SHR_014.wav,4
N_SHR_015.wav,4
N_SHR_016.wav,4
N_SHR_017.wav,4
N_SHR_018.wav,4
N_SHR_019.wav,4
N_SHR_020.wav,4
N_SHR_021.wav,4
N_SHR_022.wav,4
N_SHR_023.wav,4
N_SHR_024.wav,4
N_SHR_025.wav,4
N_SHR_026.wav,4
N_SHR_027.wav,4
N_SHR_028.wav,4
N_SHR_029.wav,4
N_SHR_030.wav,4
N_SJH_001.wav,4
N_SJH_002.wav,4
N_SJH_003.wav,4
N_SJH_004.wav,4
N_SJH_005.wav,4
N_SJH_006.wav,4
N_SJH_007.wav,4
N_SJH_008.wav,4
N_SJH_009.wav,4
N_SJH_010.wav,4
N_SJH_011.wav,4
N_SJH_012.wav,4
N_SJH_013.wav,4
N_SJH_014.wav,4
N_SJH_015.wav,4
N_SJH_016.wav,4
N_SJH_017.wav,4
N_SJH_018.wav,4
N_SJH_019.wav,4
N_SJH_020.wav,4
N_SJH_021.wav,4
N_SJH_022.wav,4
N_SJH_023.wav,4
N_SJH_024.wav,4
N_SJH_025.wav,4
N_SJH_026.wav,4
N_SJH_027.wav,4
N_SJH_028.wav,4
N_SJH_029.wav,4
N_SJH_030.wav,4
N_YSH_001.wav,4
N_YSH_002.wav,4
N_YSH_003.wav,4
N_YSH_004.wav,4
N_YSH_005.wav,4
N_YSH_006.wav,4
N_YSH_007.wav,4
N_YSH_008.wav,4
N_YSH_009.wav,4
N_YSH_010.wav,4
N_YSH_011.wav,4
N_YSH_012.wav,4
N_YSH_013.wav,4
N_YSH_014.wav,4
N_YSH_015.wav,4
N_YSH_016.wav,4
N_YSH_017.wav,4
N_YSH_018.wav,4
N_YSH_019.wav,4
N_YSH_020.wav,4
N_YSH_021.wav,4
N_YSH_022.wav,4
N_YSH_023.wav,4
N_YSH_024.wav,4
N_YSH_025.wav,4
N_YSH_026.wav,4
N_YSH_027.wav,4
N_YSH_028.wav,4
N_YSH_029.wav,4
N_YSH_030.wav,4
S_ASH_001.wav,1
S_ASH_002.wav,1
S_ASH_003.wav,1
S_ASH_004.wav,1
S_ASH_005.wav,1
S_ASH_006.wav,1
S_ASH_007.wav,1
S_ASH_008.wav,1
S_ASH_009.wav,1
S_ASH_010.wav,1
S_ASH_011.wav,1
S_ASH_012.wav,1
S_ASH_013.wav,1
S_ASH_014.wav,1
S_ASH_015.wav,1
S_ASH_016.wav,1
S_ASH_017.wav,1
S_ASH_018.wav,1
S_ASH_019.wav,1
S_ASH_020.wav,1
S_ASH_021.wav,1
S_ASH_022.wav,1
S_ASH_023.wav,1
S_ASH_024.wav,1
S_ASH_025.wav,1
S_ASH_026.wav,1
S_ASH_027.wav,1
S_ASH_028.wav,1
S_ASH_029.wav,1
S_ASH_030.wav,1
S_CHY_001.wav,1
S_CHY_002.wav,1
S_CHY_003.wav,1
S_CHY_004.wav,1
S_CHY_005.wav,1
S_CHY_006.wav,1
S_CHY_007.wav,1
S_CHY_008.wav,1
S_CHY_009.wav,1
S_CHY_010.wav,1
S_CHY_011.wav,1
S_CHY_012.wav,1
S_CHY_013.wav,1
S_CHY_014.wav,1
S_CHY_015.wav,1
S_CHY_016.wav,1
S_CHY_017.wav,1
S_CHY_018.wav,1
S_CHY_019.wav,1
S_CHY_020.wav,1
S_CHY_021.wav,1
S_CHY_022.wav,1
S_CHY_023.wav,1
S_CHY_024.wav,1
S_CHY_025.wav,1
S_CHY_026.wav,1
S_CHY_027.wav,1
S_CHY_028.wav,1
S_CHY_029.wav,1
S_CHY_030.wav,1
S_CST_001.wav,1
S_CST_002.wav,1
S_CST_003.wav,1
S_CST_004.wav,1
S_CST_005.wav,1
S_CST_006.wav,1
S_CST_007.wav,1
S_CST_008.wav,1
S_CST_009.wav,1
S_CST_010.wav,1
S_CST_011.wav,1
S_CST_012.wav,1
S_CST_013.wav,1
S_CST_014.wav,1
S_CST_015.wav,1
S_CST_016.wav,1
S_CST_017.wav,1
S_CST_018.wav,1
S_CST_019.wav,1
S_CST_020.wav,1
S_CST_021.wav,1
S_CST_022.wav,1
S_CST_023.wav,1
S_CST_024.wav,1
S_CST_025.wav,1
S_CST_026.wav,1
S_CST_027.wav,1
S_CST_028.wav,1
S_CST_029.wav,1
S_CST_030.wav,1
S_CYJ_001.wav,1
S_CYJ_002.wav,1
S_CYJ_003.wav,1
S_CYJ_004.wav,1
S_CYJ_005.wav,1
S_CYJ_006.wav,1
S_CYJ_007.wav,1
S_CYJ_008.wav,1
S_CYJ_009.wav,1
S_CYJ_010.wav,1
S_CYJ_011.wav,1
S_CYJ_012.wav,1
S_CYJ_013.wav,1
S_CYJ_014.wav,1
S_CYJ_015.wav,1
S_CYJ_016.wav,1
S_CYJ_017.wav,1
S_CYJ_018.wav,1
S_CYJ_019.wav,1
S_CYJ_020.wav,1
S_CYJ_021.wav,1
S_CYJ_022.wav,1
S_CYJ_023.wav,1
S_CYJ_024.wav,1
S_CYJ_025.wav,1
S_CYJ_026.wav,1
S_CYJ_027.wav,1
S_CYJ_028.wav,1
S_CYJ_029.wav,1
S_CYJ_030.wav,1
S_GJY_001.wav,1
S_GJY_002.wav,1
S_GJY_003.wav,1
S_GJY_004.wav,1
S_GJY_005.wav,1
S_GJY_006.wav,1
S_GJY_007.wav,1
S_GJY_008.wav,1
S_GJY_009.wav,1
S_GJY_010.wav,1
S_GJY_011.wav,1
S_GJY_012.wav,1
S_GJY_013.wav,1
S_GJY_014.wav,1
S_GJY_015.wav,1
S_GJY_016.wav,1
S_GJY_017.wav,1
S_GJY_018.wav,1
S_GJY_019.wav,1
S_GJY_020.wav,1
S_GJY_021.wav,1
S_GJY_022.wav,1
S_GJY_023.wav,1
S_GJY_024.wav,1
S_GJY_025.wav,1
S_GJY_026.wav,1
S_GJY_027.wav,1
S_GJY_028.wav,1
S_GJY_029.wav,1
S_GJY_030.wav,1
S_GTE_001.wav,1
S_GTE_002.wav,1
S_GTE_003.wav,1
S_GTE_004.wav,1
S_GTE_005.wav,1
S_GTE_006.wav,1
S_GTE_007.wav,1
S_GTE_008.wav,1
S_GTE_009.wav,1
S_GTE_010.wav,1
S_GTE_011.wav,1
S_GTE_012.wav,1
S_GTE_013.wav,1
S_GTE_014.wav,1
S_GTE_015.wav,1
S_GTE_016.wav,1
S_GTE_017.wav,1
S_GTE_018.wav,1
S_GTE_019.wav,1
S_GTE_020.wav,1
S_GTE_021.wav,1
S_GTE_022.wav,1
S_GTE_023.wav,1
S_GTE_024.wav,1
S_GTE_025.wav,1
S_GTE_026.wav,1
S_GTE_027.wav,1
S_GTE_028.wav,1
S_GTE_029.wav,1
S_GTE_030.wav,1
S_HGW_001.wav,1
S_HGW_002.wav,1
S_HGW_003.wav,1
S_HGW_004.wav,1
S_HGW_005.wav,1
S_HGW_006.wav,1
S_HGW_007.wav,1
S_HGW_008.wav,1
S_HGW_009.wav,1
S_HGW_010.wav,1
S_HGW_011.wav,1
S_HGW_012.wav,1
S_HGW_013.wav,1
S_HGW_014.wav,1
S_HGW_015.wav,1
S_HGW_016.wav,1
S_HGW_017.wav,1
S_HGW_018.wav,1
S_HGW_019.wav,1
S_HGW_020.wav,1
S_HGW_021.wav,1
S_HGW_022.wav,1
S_HGW_023.wav,1
S_HGW_024.wav,1
S_HGW_025.wav,1
S_HGW_026.wav,1
S_HGW_027.wav,1
S_HGW_028.wav,1
S_HGW_029.wav,1
S_HGW_030.wav,1
S_JBR_001.wav,1
S_JBR_002.wav,1
S_JBR_003.wav,1
S_JBR_004.wav,1
S_JBR_005.wav,1
S_JBR_006.wav,1
S_JBR_007.wav,1
S_JBR_008.wav,1
S_JBR_009.wav,1
S_JBR_010.wav,1
S_JBR_011.wav,1
S_JBR_012.wav,1
S_JBR_013.wav,1
S_JBR_014.wav,1
S_JBR_015.wav,1
S_JBR_016.wav,1
S_JBR_017.wav,1
S_JBR_018.wav,1
S_JBR_019.wav,1
S_JBR_020.wav,1
S_JBR_021.wav,1
S_JBR_022.wav,1
S_JBR_023.wav,1
S_JBR_024.wav,1
S_JBR_025.wav,1
S_JBR_026.wav,1
S_JBR_027.wav,1
S_JBR_028.wav,1
S_JBR_029.wav,1
S_JBR_030.wav,1
S_JCH_001.wav,1
S_JCH_002.wav,1
S_JCH_003.wav,1
S_JCH_004.wav,1
S_JCH_005.wav,1
S_JCH_006.wav,1
S_JCH_007.wav,1
S_JCH_008.wav,1
S_JCH_009.wav,1
S_JCH_010.wav,1
S_JCH_011.wav,1
S_JCH_012.wav,1
S_JCH_013.wav,1
S_JCH_014.wav,1
S_JCH_015.wav,1
S_JCH_016.wav,1
S_JCH_017.wav,1
S_JCH_018.wav,1
S_JCH_019.wav,1
S_JCH_020.wav,1
S_JCH_021.wav,1
S_JCH_022.wav,1
S_JCH_023.wav,1
S_JCH_024.wav,1
S_JCH_025.wav,1
S_JCH_026.wav,1
S_JCH_027.wav,1
S_JCH_028.wav,1
S_JCH_029.wav,1
S_JCH_030.wav,1
S_JSH_001.wav,1
S_JSH_002.wav,1
S_JSH_003.wav,1
S_JSH_004.wav,1
S_JSH_005.wav,1
S_JSH_006.wav,1
S_JSH_007.wav,1
S_JSH_008.wav,1
S_JSH_009.wav,1
S_JSH_010.wav,1
S_JSH_011.wav,1
S_JSH_012.wav,1
S_JSH_013.wav,1
S_JSH_014.wav,1
S_JSH_015.wav,1
S_JSH_016.wav,1
S_JSH_017.wav,1
S_JSH_018.wav,1
S_JSH_019.wav,1
S_JSH_020.wav,1
S_JSH_021.wav,1
S_JSH_022.wav,1
S_JSH_023.wav,1
S_JSH_024.wav,1
S_JSH_025.wav,1
S_JSH_026.wav,1
S_JSH_027.wav,1
S_JSH_028.wav,1
S_JSH_029.wav,1
S_JSH_030.wav,1
S_JSY_001.wav,1
S_JSY_002.wav,1
S_JSY_003.wav,1
S_JSY_004.wav,1
S_JSY_005.wav,1
S_JSY_006.wav,1
S_JSY_007.wav,1
S_JSY_008.wav,1
S_JSY_009.wav,1
S_JSY_010.wav,1
S_JSY_011.wav,1
S_JSY_012.wav,1
S_JSY_013.wav,1
S_JSY_014.wav,1
S_JSY_015.wav,1
S_JSY_016.wav,1
S_JSY_017.wav,1
S_JSY_018.wav,1
S_JSY_019.wav,1
S_JSY_020.wav,1
S_JSY_021.wav,1
S_JSY_022.wav,1
S_JSY_023.wav,1
S_JSY_024.wav,1
S_JSY_025.wav,1
S_JSY_026.wav,1
S_JSY_027.wav,1
S_JSY_028.wav,1
S_JSY_029.wav,1
S_JSY_030.wav,1
S_JYC_001.wav,1
S_JYC_002.wav,1
S_JYC_003.wav,1
S_JYC_004.wav,1
S_JYC_005.wav,1
S_JYC_006.wav,1
S_JYC_007.wav,1
S_JYC_008.wav,1
S_JYC_009.wav,1
S_JYC_010.wav,1
S_JYC_011.wav,1
S_JYC_012.wav,1
S_JYC_013.wav,1
S_JYC_014.wav,1
S_JYC_015.wav,1
S_JYC_016.wav,1
S_JYC_017.wav,1
S_JYC_018.wav,1
S_JYC_019.wav,1
S_JYC_020.wav,1
S_JYC_021.wav,1
S_JYC_022.wav,1
S_JYC_023.wav,1
S_JYC_024.wav,1
S_JYC_025.wav,1
S_JYC_026.wav,1
S_JYC_027.wav,1
S_JYC_028.wav,1
S_JYC_029.wav,1
S_JYC_030.wav,1
S_JYS_001.wav,1
S_JYS_002.wav,1
S_JYS_003.wav,1
S_JYS_004.wav,1
S_JYS_005.wav,1
S_JYS_006.wav,1
S_JYS_007.wav,1
S_JYS_008.wav,1
S_JYS_009.wav,1
S_JYS_010.wav,1
S_JYS_011.wav,1
S_JYS_012.wav,1
S_JYS_013.wav,1
S_JYS_014.wav,1
S_JYS_015.wav,1
S_JYS_016.wav,1
S_JYS_017.wav,1
S_JYS_018.wav,1
S_JYS_019.wav,1
S_JYS_020.wav,1
S_JYS_021.wav,1
S_JYS_022.wav,1
S_JYS_023.wav,1
S_JYS_024.wav,1
S_JYS_025.wav,1
S_JYS_026.wav,1
S_JYS_027.wav,1
S_JYS_028.wav,1
S_JYS_029.wav,1
S_JYS_030.wav,1
S_JYW_001.wav,1
S_JYW_002.wav,1
S_JYW_003.wav,1
S_JYW_004.wav,1
S_JYW_005.wav,1
S_JYW_006.wav,1
S_JYW_007.wav,1
S_JYW_008.wav,1
S_JYW_009.wav,1
S_JYW_010.wav,1
S_JYW_011.wav,1
S_JYW_012.wav,1
S_JYW_013.wav,1
S_JYW_014.wav,1
S_JYW_015.wav,1
S_JYW_016.wav,1
S_JYW_017.wav,1
S_JYW_018.wav,1
S_JYW_019.wav,1
S_JYW_020.wav,1
S_JYW_021.wav,1
S_JYW_022.wav,1
S_JYW_023.wav,1
S_JYW_024.wav,1
S_JYW_025.wav,1
S_JYW_026.wav,1
S_JYW_027.wav,1
S_JYW_028.wav,1
S_JYW_029.wav,1
S_JYW_030.wav,1
S_KJE_001.wav,1
S_KJE_002.wav,1
S_KJE_003.wav,1
S_KJE_004.wav,1
S_KJE_005.wav,1
S_KJE_006.wav,1
S_KJE_007.wav,1
S_KJE_008.wav,1
S_KJE_009.wav,1
S_KJE_010.wav,1
S_KJE_011.wav,1
S_KJE_012.wav,1
S_KJE_013.wav,1
S_KJE_014.wav,1
S_KJE_015.wav,1
S_KJE_016.wav,1
S_KJE_017.wav,1
S_KJE_018.wav,1
S_KJE_019.wav,1
S_KJE_020.wav,1
S_KJE_021.wav,1
S_KJE_022.wav,1
S_KJE_023.wav,1
S_KJE_024.wav,1
S_KJE_025.wav,1
S_KJE_026.wav,1
S_KJE_027.wav,1
S_KJE_028.wav,1
S_KJE_029.wav,1
S_KJE_030.wav,1
S_KJS_001.wav,1
S_KJS_002.wav,1
S_KJS_003.wav,1
S_KJS_004.wav,1
S_KJS_005.wav,1
S_KJS_006.wav,1
S_KJS_007.wav,1
S_KJS_008.wav,1
S_KJS_009.wav,1
S_KJS_010.wav,1
S_KJS_011.wav,1
S_KJS_012.wav,1
S_KJS_013.wav,1
S_KJS_014.wav,1
S_KJS_015.wav,1
S_KJS_016.wav,1
S_KJS_017.wav,1
S_KJS_018.wav,1
S_KJS_019.wav,1
S_KJS_020.wav,1
S_KJS_021.wav,1
S_KJS_022.wav,1
S_KJS_023.wav,1
S_KJS_024.wav,1
S_KJS_025.wav,1
S_KJS_026.wav,1
S_KJS_027.wav,1
S_KJS_028.wav,1
S_KJS_029.wav,1
S_KJS_030.wav,1
S_KKI_001.wav,1
S_KKI_002.wav,1
S_KKI_003.wav,1
S_KKI_004.wav,1
S_KKI_005.wav,1
S_KKI_006.wav,1
S_KKI_007.wav,1
S_KKI_008.wav,1
S_KKI_009.wav,1
S_KKI_010.wav,1
S_KKI_011.wav,1
S_KKI_012.wav,1
S_KKI_013.wav,1
S_KKI_014.wav,1
S_KKI_015.wav,1
S_KKI_016.wav,1
S_KKI_017.wav,1
S_KKI_018.wav,1
S_KKI_019.wav,1
S_KKI_020.wav,1
S_KKI_021.wav,1
S_KKI_022.wav,1
S_KKI_023.wav,1
S_KKI_024.wav,1
S_KKI_025.wav,1
S_KKI_026.wav,1
S_KKI_027.wav,1
S_KKI_028.wav,1
S_KKI_029.wav,1
S_KKI_030.wav,1
S_KSH_001.wav,1
S_KSH_002.wav,1
S_KSH_003.wav,1
S_KSH_004.wav,1
S_KSH_005.wav,1
S_KSH_006.wav,1
S_KSH_007.wav,1
S_KSH_008.wav,1
S_KSH_009.wav,1
S_KSH_010.wav,1
S_KSH_011.wav,1
S_KSH_012.wav,1
S_KSH_013.wav,1
S_KSH_014.wav,1
S_KSH_015.wav,1
S_KSH_016.wav,1
S_KSH_017.wav,1
S_KSH_018.wav,1
S_KSH_019.wav,1
S_KSH_020.wav,1
S_KSH_021.wav,1
S_KSH_022.wav,1
S_KSH_023.wav,1
S_KSH_024.wav,1
S_KSH_025.wav,1
S_KSH_026.wav,1
S_KSH_027.wav,1
S_KSH_028.wav,1
S_KSH_029.wav,1
S_KSH_030.wav,1
S_KYK_001.wav,1
S_KYK_002.wav,1
S_KYK_003.wav,1
S_KYK_004.wav,1
S_KYK_005.wav,1
S_KYK_006.wav,1
S_KYK_007.wav,1
S_KYK_008.wav,1
S_KYK_009.wav,1
S_KYK_010.wav,1
S_KYK_011.wav,1
S_KYK_012.wav,1
S_KYK_013.wav,1
S_KYK_014.wav,1
S_KYK_015.wav,1
S_KYK_016.wav,1
S_KYK_017.wav,1
S_KYK_018.wav,1
S_KYK_019.wav,1
S_KYK_020.wav,1
S_KYK_021.wav,1
S_KYK_022.wav,1
S_KYK_023.wav,1
S_KYK_024.wav,1
S_KYK_025.wav,1
S_KYK_026.wav,1
S_KYK_027.wav,1
S_KYK_028.wav,1
S_KYK_029.wav,1
S_KYK_030.wav,1
S_LHJ_001.wav,1
S_LHJ_002.wav,1
S_LHJ_003.wav,1
S_LHJ_004.wav,1
S_LHJ_005.wav,1
S_LHJ_006.wav,1
S_LHJ_007.wav,1
S_LHJ_008.wav,1
S_LHJ_009.wav,1
S_LHJ_010.wav,1
S_LHJ_011.wav,1
S_LHJ_012.wav,1
S_LHJ_013.wav,1
S_LHJ_014.wav,1
S_LHJ_015.wav,1
S_LHJ_016.wav,1
S_LHJ_017.wav,1
S_LHJ_018.wav,1
S_LHJ_019.wav,1
S_LHJ_020.wav,1
S_LHJ_021.wav,1
S_LHJ_022.wav,1
S_LHJ_023.wav,1
S_LHJ_024.wav,1
S_LHJ_025.wav,1
S_LHJ_026.wav,1
S_LHJ_027.wav,1
S_LHJ_028.wav,1
S_LHJ_029.wav,1
S_LHJ_030.wav,1
S_LJB_001.wav,1
S_LJB_002.wav,1
S_LJB_003.wav,1
S_LJB_004.wav,1
S_LJB_005.wav,1
S_LJB_006.wav,1
S_LJB_007.wav,1
S_LJB_008.wav,1
S_LJB_009.wav,1
S_LJB_010.wav,1
S_LJB_011.wav,1
S_LJB_012.wav,1
S_LJB_013.wav,1
S_LJB_014.wav,1
S_LJB_015.wav,1
S_LJB_016.wav,1
S_LJB_017.wav,1
S_LJB_018.wav,1
S_LJB_019.wav,1
S_LJB_020.wav,1
S_LJB_021.wav,1
S_LJB_022.wav,1
S_LJB_023.wav,1
S_LJB_024.wav,1
S_LJB_025.wav,1
S_LJB_026.wav,1
S_LJB_027.wav,1
S_LJB_028.wav,1
S_LJB_029.wav,1
S_LJB_030.wav,1
S_LSY_001.wav,1
S_LSY_002.wav,1
S_LSY_003.wav,1
S_LSY_004.wav,1
S_LSY_005.wav,1
S_LSY_006.wav,1
S_LSY_007.wav,1
S_LSY_008.wav,1
S_LSY_009.wav,1
S_LSY_010.wav,1
S_LSY_011.wav,1
S_LSY_012.wav,1
S_LSY_013.wav,1
S_LSY_014.wav,1
S_LSY_015.wav,1
S_LSY_016.wav,1
S_LSY_017.wav,1
S_LSY_018.wav,1
S_LSY_019.wav,1
S_LSY_020.wav,1
S_LSY_021.wav,1
S_LSY_022.wav,1
S_LSY_023.wav,1
S_LSY_024.wav,1
S_LSY_025.wav,1
S_LSY_026.wav,1
S_LSY_027.wav,1
S_LSY_028.wav,1
S_LSY_029.wav,1
S_LSY_030.wav,1
S_LYT_001.wav,1
S_LYT_002.wav,1
S_LYT_003.wav,1
S_LYT_004.wav,1
S_LYT_005.wav,1
S_LYT_006.wav,1
S_LYT_007.wav,1
S_LYT_008.wav,1
S_LYT_009.wav,1
S_LYT_010.wav,1
S_LYT_011.wav,1
S_LYT_012.wav,1
S_LYT_013.wav,1
S_LYT_014.wav,1
S_LYT_015.wav,1
S_LYT_016.wav,1
S_LYT_017.wav,1
S_LYT_018.wav,1
S_LYT_019.wav,1
S_LYT_020.wav,1
S_LYT_021.wav,1
S_LYT_022.wav,1
S_LYT_023.wav,1
S_LYT_024.wav,1
S_LYT_025.wav,1
S_LYT_026.wav,1
S_LYT_027.wav,1
S_LYT_028.wav,1
S_LYT_029.wav,1
S_LYT_030.wav,1
S_OES_001.wav,1
S_OES_002.wav,1
S_OES_003.wav,1
S_OES_004.wav,1
S_OES_005.wav,1
S_OES_006.wav,1
S_OES_007.wav,1
S_OES_008.wav,1
S_OES_009.wav,1
S_OES_010.wav,1
S_OES_011.wav,1
S_OES_012.wav,1
S_OES_013.wav,1
S_OES_014.wav,1
S_OES_015.wav,1
S_OES_016.wav,1
S_OES_017.wav,1
S_OES_018.wav,1
S_OES_019.wav,1
S_OES_020.wav,1
S_OES_021.wav,1
S_OES_022.wav,1
S_OES_023.wav,1
S_OES_024.wav,1
S_OES_025.wav,1
S_OES_026.wav,1
S_OES_027.wav,1
S_OES_028.wav,1
S_OES_029.wav,1
S_OES_030.wav,1
S_PGJ_001.wav,1
S_PGJ_002.wav,1
S_PGJ_003.wav,1
S_PGJ_004.wav,1
S_PGJ_005.wav,1
S_PGJ_006.wav,1
S_PGJ_007.wav,1
S_PGJ_008.wav,1
S_PGJ_009.wav,1
S_PGJ_010.wav,1
S_PGJ_011.wav,1
S_PGJ_012.wav,1
S_PGJ_013.wav,1
S_PGJ_014.wav,1
S_PGJ_015.wav,1
S_PGJ_016.wav,1
S_PGJ_017.wav,1
S_PGJ_018.wav,1
S_PGJ_019.wav,1
S_PGJ_020.wav,1
S_PGJ_021.wav,1
S_PGJ_022.wav,1
S_PGJ_023.wav,1
S_PGJ_024.wav,1
S_PGJ_025.wav,1
S_PGJ_026.wav,1
S_PGJ_027.wav,1
S_PGJ_028.wav,1
S_PGJ_029.wav,1
S_PGJ_030.wav,1
S_PSB_001.wav,1
S_PSB_002.wav,1
S_PSB_003.wav,1
S_PSB_004.wav,1
S_PSB_005.wav,1
S_PSB_006.wav,1
S_PSB_007.wav,1
S_PSB_008.wav,1
S_PSB_009.wav,1
S_PSB_010.wav,1
S_PSB_011.wav,1
S_PSB_012.wav,1
S_PSB_013.wav,1
S_PSB_014.wav,1
S_PSB_015.wav,1
S_PSB_016.wav,1
S_PSB_017.wav,1
S_PSB_018.wav,1
S_PSB_019.wav,1
S_PSB_020.wav,1
S_PSB_021.wav,1
S_PSB_022.wav,1
S_PSB_023.wav,1
S_PSB_024.wav,1
S_PSB_025.wav,1
S_PSB_026.wav,1
S_PSB_027.wav,1
S_PSB_028.wav,1
S_PSB_029.wav,1
S_PSB_030.wav,1
S_PSM_001.wav,1
S_PSM_002.wav,1
S_PSM_003.wav,1
S_PSM_004.wav,1
S_PSM_005.wav,1
S_PSM_006.wav,1
S_PSM_007.wav,1
S_PSM_008.wav,1
S_PSM_009.wav,1
S_PSM_010.wav,1
S_PSM_011.wav,1
S_PSM_012.wav,1
S_PSM_013.wav,1
S_PSM_014.wav,1
S_PSM_015.wav,1
S_PSM_016.wav,1
S_PSM_017.wav,1
S_PSM_018.wav,1
S_PSM_019.wav,1
S_PSM_020.wav,1
S_PSM_021.wav,1
S_PSM_022.wav,1
S_PSM_023.wav,1
S_PSM_024.wav,1
S_PSM_025.wav,1
S_PSM_026.wav,1
S_PSM_027.wav,1
S_PSM_028.wav,1
S_PSM_029.wav,1
S_PSM_030.wav,1
S_SDH_001.wav,1
S_SDH_002.wav,1
S_SDH_003.wav,1
S_SDH_004.wav,1
S_SDH_005.wav,1
S_SDH_006.wav,1
S_SDH_007.wav,1
S_SDH_008.wav,1
S_SDH_009.wav,1
S_SDH_010.wav,1
S_SDH_011.wav,1
S_SDH_012.wav,1
S_SDH_013.wav,1
S_SDH_014.wav,1
S_SDH_015.wav,1
S_SDH_016.wav,1
S_SDH_017.wav,1
S_SDH_018.wav,1
S_SDH_019.wav,1
S_SDH_020.wav,1
S_SDH_021.wav,1
S_SDH_022.wav,1
S_SDH_023.wav,1
S_SDH_024.wav,1
S_SDH_025.wav,1
S_SDH_026.wav,1
S_SDH_027.wav,1
S_SDH_028.wav,1
S_SDH_029.wav,1
S_SDH_030.wav,1
S_SHR_001.wav,1
S_SHR_002.wav,1
S_SHR_003.wav,1
S_SHR_004.wav,1
S_SHR_005.wav,1
S_SHR_006.wav,1
S_SHR_007.wav,1
S_SHR_008.wav,1
S_SHR_009.wav,1
S_SHR_010.wav,1
S_SHR_011.wav,1
S_SHR_012.wav,1
S_SHR_013.wav,1
S_SHR_014.wav,1
S_SHR_015.wav,1
S_SHR_016.wav,1
S_SHR_017.wav,1
S_SHR_018.wav,1
S_SHR_019.wav,1
S_SHR_020.wav,1
S_SHR_021.wav,1
S_SHR_022.wav,1
S_SHR_023.wav,1
S_SHR_024.wav,1
S_SHR_025.wav,1
S_SHR_026.wav,1
S_SHR_027.wav,1
S_SHR_028.wav,1
S_SHR_029.wav,1
S_SHR_030.wav,1
S_YSH_001.wav,1
S_YSH_002.wav,1
S_YSH_003.wav,1
S_YSH_004.wav,1
S_YSH_005.wav,1
S_YSH_006.wav,1
S_YSH_007.wav,1
S_YSH_008.wav,1
S_YSH_009.wav,1
S_YSH_010.wav,1
S_YSH_011.wav,1
S_YSH_012.wav,1
S_YSH_013.wav,1
S_YSH_014.wav,1
S_YSH_015.wav,1
S_YSH_016.wav,1
S_YSH_017.wav,1
S_YSH_018.wav,1
S_YSH_019.wav,1
S_YSH_020.wav,1
S_YSH_021.wav,1
S_YSH_022.wav,1
S_YSH_023.wav,1
S_YSH_024.wav,1
S_YSH_025.wav,1
S_YSH_026.wav,1
S_YSH_027.wav,1
S_YSH_028.wav,1
S_YSH_029.wav,1
S_YSH_030.wav,1
